id;code;description;strengths;weaknesses;career_paths;recommended_majors;created_at;description_en;strengths_en;weaknesses_en;career_paths_en;recommended_majors_en
c51c2197-a0ec-474b-a8ab-a6a7eecaefa8;AIS;شخصية عميقة تهتم بالثقافة، الفنون، والناس. تستخدم إبداعك وبحثك لفهم النفس البشرية والمجتمع. تميل للمجالات التي تتطلب فكراً حراً وتفاعلاً إنسانياً غير تقليدي.;"[""التفكير النقدي والإبداعي: القدرة على تحليل المعلومات وإنتاج أفكار جديدة ومبتكرة"",""الفهم الثقافي العميق: القدرة على فهم واستيعاب الثقافات المختلفة وتقدير تنوعها"",""التعبير اللغوي القوي: القدرة على الكتابة والتعبير بأسلوب واضح ومؤثر"",""التعاطف الفكري: القدرة على فهم قضايا الناس ومشاكلهم والتفاعل معها بعمق""]";"[""قد تميل للمثالية غير الواقعية مما قد يؤخر إنجاز المشاريع"",""قد تواجه صعوبة في التعامل مع النقد السلبي لأعمالك الإبداعية"",""قد تحتاج لتطوير مهارات الحزم في اتخاذ القرارات"",""قد تميل للتفكير الزائد مما يبطئ التنفيذ العملي""]";"[""كاتب وروائي"",""أستاذ في العلوم الإنسانية"",""مترجم أدبي"",""ناقد فني"",""باحث في الأنثروبولوجيا""]";"[""الأدب واللغويات"",""الفلسفة"",""علم الاجتماع"",""علم النفس"",""الفنون الجميلة""]";2025-12-09 22:33:00.882734+00;;[];[];[];[]
c7ecfd28-454d-4212-a180-ca1b1f27147e;ASE;هذه الشخصية تمتلك مزيجًا من الإبداع الفني، والقدرة على التواصل والتفاعل الاجتماعي، والرغبة في تحقيق النجاح والقيادة. يشير هذا المزيج إلى شخص مبدع ورائد أعمال وفي نفس الوقت واعي اجتماعيًا. لديك القدرة على التأثير والتواصل بطريقة إبداعية والازدهار في السياقات الاجتماعية.;"[""الإبداع والابتكار: القدرة على التفكير خارج الصندوق وإيجاد حلول فنية للمشاكل"",""التواصل الاجتماعي: القدرة على بناء علاقات قوية وفعالة مع مختلف الأشخاص والمجموعات"",""القيادة والريادة: القدرة على تحفيز الفرق وتوجيههم نحو تحقيق الأهداف المشتركة"",""التأثير الإيجابي: القدرة على التأثير في الآخرين بطرق إبداعية ومقنعة""]";"[""قد تواجه صعوبة في إيجاد التوازن بين التعبير الفني وتحقيق الأهداف الريادية"",""قد تحتاج إلى تطوير مهارات القيادة وتحمل المسؤولية للتأثير بشكل إيجابي"",""قد تواجه تحديات في إدارة الوقت بين الأنشطة الفنية والاجتماعية والريادية"",""قد تميل للتشتت بين المشاريع المتعددة مما يؤثر على جودة الإنجاز""]";"[""مدير اعلانات"",""محرر محتوى"",""مخرج مبدع"",""إدارة التواصل الاجتماعي"",""مسؤول علاقات عامة""]";"[""التسويق والإعلان"",""الإنتاج الإعلامي"",""العلاقات العامة والاتصالات"",""كتابة إبداعية"",""إخراج مسرحي تلفزيوني إذاعي"",""التمثيل""]";2025-12-04 13:31:29.37474+00;;[];[];[];[]
d2413a79-a47c-4411-bc8c-2bc8b5f94e7a;ASI;هذه الشخصية تشير إلى شخص يجمع بين الإبداع الفني، المهارات الاجتماعية القوية، والفضول الاستقصائي. لديك القدرة على التعبير عن الأفكار بشكل خلاق، التفاعل بفعالية مع الآخرين، وتحليل المعلومات بعمق.;"[""الإبداع والابتكار: القدرة على التفكير بطرق جديدة ومبتكرة وتقديم أفكار فنية خلاقة"",""التواصل الاجتماعي: مهارات تواصل فعّالة تساعدك على بناء علاقات قوية والتفاعل مع الآخرين"",""التحليل الاستقصائي: القدرة على تحليل المعلومات بعمق وفهم الأمور المعقدة"",""الفضول المعرفي: الرغبة في التعلم واستكشاف مجالات جديدة باستمرار""]";"[""قد تحتاج إلى تحسين مهاراتك في التعامل مع التفاصيل التقنية أو التحليلية"",""قد تجد صعوبة في إدارة التوتر والضغط خاصة في البيئات غير المنظمة"",""قد تحتاج إلى العمل على تحقيق توازن أفضل بين حياتك المهنية والشخصية"",""قد تميل للتعمق في التفاصيل النظرية على حساب التطبيق العملي""]";"[""معلم فنون"",""مستشار نفسي"",""كاتب / الترجمة التحريرية الكتابية"",""باحث اجتماعي"",""مصمم جرافيك""]";"[""فنون جميلة"",""علم النفس"",""التصميم والإعلان"",""علم الإجتماع"",""التربية الفنية""]";2025-12-04 13:31:29.37474+00;;[];[];[];[]
d1fb211e-c620-46a9-a800-a557f16665d2;ARS;هذه الشخصية تشير إلى شخص يجمع بين الإبداع الفني، القدرة على العمل العملي، والمهارات الاجتماعية القوية. لديك القدرة على التعبير عن الأفكار بشكل خلاق، حل المشاكل بشكل عملي، والتفاعل بفعالية مع الآخرين.;"[""الإبداع والابتكار: القدرة على التفكير بطرق جديدة ومبتكرة وتقديم أفكار فنية خلاقة"",""العمل العملي: القدرة على تطبيق الحلول العملية وحل المشاكل الواقعية"",""التواصل الاجتماعي: مهارات تواصل فعّالة تساعدك على بناء علاقات قوية والتفاعل مع الآخرين"",""المرونة في الأداء: القدرة على التكيف مع متطلبات العمل المختلفة""]";"[""قد تميل للمثالية المفرطة في العمل الفني مما يؤخر الإنجاز"",""قد تواجه صعوبة في تقبل التعديلات على رؤيتك الإبداعية"",""قد تجد صعوبة في العمل ضمن قيود الميزانية والوقت"",""قد تحتاج لتطوير مهارات التفاوض مع العملاء والشركاء""]";"[""مصمم ديكور داخلي"",""فنان تشكيلي"",""إدارة المشاريع"",""مستشار توظيف"",""تصوير تلفزيوني ومسرحي وسينمائي""]";"[""فنون جميلة"",""التصميم الداخلي"",""التربية الفنية"",""العمل الإجتماعي"",""إدارة المشاريع""]";2025-12-04 13:31:29.37474+00;;[];[];[];[]
e9dd606c-209a-4d9f-85fd-f32a34ab2763;ARE;مبدع يحب العمل بيده ولديه حس تجاري. تختلف عن الفنان الحالم بأنك تركز على إنتاج أعمال فنية قابلة للبيع والاستخدام، مثل الديكور والأزياء.;"[""الابتكار التطبيقي: القدرة على تحويل الأفكار الإبداعية إلى منتجات ملموسة وقابلة للتسويق"",""الذوق الفني التجاري: القدرة على الجمع بين الجمال الفني والجدوى التجارية في المشاريع"",""الاستقلالية والمبادرة: القدرة على العمل بشكل مستقل واتخاذ المبادرات دون انتظار التوجيه"",""تحويل الأفكار لمنتجات: القدرة على تجسيد الأفكار النظرية إلى واقع عملي ملموس وقابل للاستخدام""]";"[""قد تميل للتشتت بين مساعدة الآخرين والعمل الفني"",""قد تواجه صعوبة في تحديد الأولويات بين المشاريع المتعددة"",""قد تجد صعوبة في رفض المشاريع التي لا تناسب قدراتك"",""قد تحتاج لتطوير مهارات التركيز على أهداف محددة""]";"[""مهندس تنسيق مواقع"",""شيف مبتكر"",""مصمم ديكور داخلي"",""مصمم منتجات تجارية"",""مصمم أزياء""]";"[""عمارة البيئة"",""فنون الطهي"",""التصميم الداخلي"",""الفنون التطبيقية"",""تصميم الأزياء""]";2025-12-09 22:48:50.459082+00;;[];[];[];[]
3e466067-c678-43be-907f-01f716a53c26;CAI;تستخدم النظام والإبداع لإنتاج محتوى دقيق وجميل. أنت مبدع لكنك لست فوضوياً؛ تحب تصميم واجهات المواقع، أو إخراج الكتب، أو الرسوم البيانية.;"[""التصميم الجرافيكي: القدرة على تصميم وتنسيق المعلومات بشكل بصري جذاب ومنظم"",""تنسيق النصوص والكتب: القدرة على إخراج المحتوى المكتوب بشكل احترافي ومتناسق"",""الانتباه للتفاصيل الجمالية: القدرة على ملاحظة وتحسين التفاصيل الدقيقة في التصميم"",""إتقان برامج التصميم: القدرة على استخدام برامج التصميم والنشر المكتبي بكفاءة عالية""]";"[""قد تميل للحذر المفرط مما قد يضيع فرصاً مهمة"",""قد تواجه صعوبة في اتخاذ قرارات سريعة في المواقف الطارئة"",""قد تجد صعوبة في التعامل مع البيئات سريعة التغير"",""قد تحتاج لتطوير مهارات المبادرة وتحمل المخاطر المحسوبة""]";"[""كاتب تقني"",""مصمم واجهات مستخدم"",""مخرج صحفي"",""مطور ويب"",""أخصائي نشر إلكتروني""]";"[""تقنية المعلومات"",""التصميم الجرافيكي"",""الوسائط الرقمية"",""اللغة والاتصال"",""علوم الحاسب""]";2025-12-09 22:48:50.459082+00;;[];[];[];[]
933e3101-59ff-4eb5-947d-911d1333c918;ARI;هذه الشخصية تشير إلى شخص يمتلك مزيجًا فريدًا من الإبداع الفني، والتفكير العملي، والفضول الاستقصائي. تمتلك القدرة على التعبير عن الأفكار بشكل خلاق، وفهم الواقع بشكل عملي، والتحليل العميق للمعلومات.;"[""الإبداع والابتكار: القدرة على التفكير بطرق جديدة ومبتكرة وإيجاد حلول فنية للمشاكل"",""التفكير العملي: القدرة على فهم الواقع بشكل عملي وتطبيق الأفكار بطريقة ملموسة"",""الاستقصاء والتحليل: القدرة على استكشاف المعلومات بعمق وفحصها بطريقة منهجية"",""الدقة في التنفيذ: القدرة على تحويل الأفكار الإبداعية إلى منتجات عملية عالية الجودة""]";"[""قد تواجه تحديات في إيجاد التوازن بين الفكر الإبداعي والواقعية العملية"",""قد تحتاج إلى تطوير مهارات إدارة الوقت للتأكد من إتمام المشاريع في الوقت المناسب"",""قد تحتاج إلى تطوير استراتيجيات للتعامل مع ضغوط العمل والتحديات اليومية"",""قد تميل للعمل بمفردك مما قد يحد من فرص التعاون مع الآخرين""]";"[""مهندس معماري"",""محلل بيانات"",""مصمم داخلي"",""مهندس برمجيات"",""إدارة المشاريع""]";"[""الهندسة المعمارية"",""علوم البيانات"",""إدارة المشاريع"",""علوم الحاسوب"",""هندسة برمجيات""]";2025-12-04 13:31:29.37474+00;;[];[];[];[]
bbd85d5a-f50d-421a-8f6d-bd5d389538d5;AER;هذه الشخصية تشير إلى شخص يجمع بين الإبداع الفني، القدرة على القيادة وتحقيق الأهداف، والعمل العملي والملموس. لديك القدرة على التعبير عن الأفكار بشكل خلاق، وتحويل هذه الأفكار إلى مشاريع قابلة للتنفيذ، وتنفيذها بطريقة عملية.;"[""الإبداع والابتكار: القدرة على التفكير بطرق جديدة ومبتكرة وتقديم أفكار فنية خلاقة"",""القيادة والريادة: القدرة على تحفيز الآخرين وتوجيههم نحو تحقيق الأهداف المشتركة"",""الجانب العملي: القدرة على تطبيق الأفكار والمشاريع بشكل عملي وملموس"",""المرونة في التنفيذ: القدرة على تكييف الخطط حسب متطلبات الواقع""]";"[""قد تميل للتقلب في الأفكار والمشاريع بشكل متكرر"",""قد تواجه صعوبة في التركيز على مشروع واحد لفترة طويلة"",""قد تجد صعوبة في التعامل مع الجوانب الإدارية للمشاريع"",""قد تحتاج لتطوير مهارات التنظيم وترتيب الأولويات""]";"[""رائد أعمال"",""رئيس الطهاة"",""مدير تسويق"",""مصمم ألعاب فيديو"",""مستشار استراتيجي""]";"[""إدارة الأعمال"",""هندسة البرمجيات"",""إدارة المشاريع"",""علوم الحاسوب"",""التسويق وإدارة العلامات التجارية""]";2025-12-04 13:31:29.37474+00;;[];[];[];[]
b5a16763-de9d-4582-8664-b11ab019f0b2;CEI;شخصية قيادية ولكن بأسلوب منهجي ومدروس. تدير الأعمال بناءً على البيانات والحقائق والأنظمة. تجمع بين القدرة على التنظيم الدقيق وبين الطموح لتحقيق أهداف المؤسسة.;"[""التخطيط المنهجي: القدرة على وضع خطط واضحة وتوزيع المهام بشكل فعال ومنظم"",""التحليل المالي والإداري: القدرة على تحليل البيانات المالية واتخاذ قرارات إدارية سليمة"",""الكفاءة التشغيلية: القدرة على إدارة العمليات اليومية بأعلى مستوى من الكفاءة"",""الموثوقية والالتزام: القدرة على الوفاء بالمواعيد والالتزامات بشكل دائم ومستمر""]";"[""قد تميل للصرامة وقلة المرونة مما يصعب التكيف مع المتغيرات"",""قد تواجه صعوبة في التعامل مع المواقف الغامضة وغير المحددة"",""قد تحتاج لتطوير مهارات التفكير الإبداعي والابتكار"",""قد تميل للتمسك بالقواعد على حساب الكفاءة أحياناً""]";"[""محلل أعمال"",""مدير مالي"",""مدير جودة"",""مراقب حسابات ومدقق"",""مدير سلسلة الإمداد""]";"[""المحاسبة"",""المالية"",""إدارة الأعمال"",""علوم البيانات"",""الإدارة العامة""]";2025-12-09 22:33:00.882734+00;;[];[];[];[]
1a6ca007-a284-4f75-9c4c-7027c60cb2f3;CES;تحب العمل في بيئة منظمة ولديها هيكل واضح، وتستخدم مهاراتك القيادية لخدمة الناس وتنظيم شؤونهم. تبرز في الأدوار التي تتطلب إدارة وتواصلاً مع الآخرين ضمن لوائح وقوانين.;"[""إدارة الموارد البشرية: القدرة على تنظيم وإدارة الفرق والفعاليات بشكل احترافي"",""التواصل الدبلوماسي: القدرة على التعامل الرسمي والدبلوماسي مع مختلف الأطراف"",""الولاء المؤسسي: القدرة على الالتزام بقيم المؤسسة وتطبيق أنظمتها بإخلاص"",""التنفيذ الدقيق: القدرة على تنفيذ التعليمات والمهام بدقة متناهية وبدون أخطاء""]";"[""قد تشعر بالتوتر في البيئات الفوضوية وغير المنظمة"",""قد تواجه صعوبة في التكيف مع التغييرات المفاجئة في بيئة العمل"",""قد تحتاج لتطوير مهارات المرونة والتعامل مع عدم اليقين"",""قد تميل للإفراط في التخطيط على حساب التنفيذ السريع""]";"[""مدير موارد بشرية"",""مدير مكتب تنفيذي"",""منظم مؤتمرات"",""مدير مدرسة"",""مشرف خدمة عملاء""]";"[""إدارة الموارد البشرية"",""إدارة الفعاليات"",""السياحة والفندقة"",""الإدارة التربوية"",""العلاقات العامة""]";2025-12-09 22:33:00.882734+00;;[];[];[];[]
583d3c6d-ca31-4fe4-a325-65a59134f3aa;CIR;دماغك عبارة عن كمبيوتر. منظم، محلل، وعملي. تبحث عن الأخطاء في الأنظمة والبيانات والبرامج وتصلحها. لا مكان للعاطفة في عملك.;"[""تحليل البيانات الضخمة: القدرة على معالجة وتحليل كميات كبيرة من البيانات بكفاءة"",""اكتشاف الثغرات والأخطاء: القدرة على رصد المشكلات والأخطاء قبل أن تتفاقم"",""التفكير المنطقي المتسلسل: القدرة على التفكير بشكل منطقي ومنهجي خطوة بخطوة"",""الدقة المتناهية: القدرة على العمل بدقة عالية جداً مع الحد الأدنى من الأخطاء""]";"[""قد تميل للتحفظ المفرط في اتخاذ القرارات الجديدة"",""قد تواجه صعوبة في المخاطرة حتى لو كانت محسوبة"",""قد تجد صعوبة في التعامل مع الأفكار غير التقليدية"",""قد تحتاج لتطوير مهارات الانفتاح على التجارب الجديدة""]";"[""محلل نظم معلومات"",""مدقق مالي داخلي"",""مهندس ضبط جودة برمجيات"",""أخصائي أمن معلومات"",""خبير إكتواري""]";"[""نظم المعلومات الحاسوبية"",""المحاسبة"",""الرياضيات"",""أمن المعلومات"",""الهندسة الصناعية""]";2025-12-09 22:48:50.459082+00;;[];[];[];[]
4aef06f5-416e-4bce-85a3-6e3fbca52fb6;IAS;هذه الشخصية تعكس شخصية مهتمة بالبحث والتحليل، وفي الوقت نفسه تتمتع بالإبداع الفني والقدرة على التواصل والتفاعل الاجتماعي. تتميز بالفضول لفهم المفاهيم والتعبير عن الأفكار بطرق مبتكرة، مع القدرة على بناء علاقات اجتماعية قوية.;"[""الاستقصاء والتحليل: القدرة على البحث وجمع المعلومات وتحليلها بشكل دقيق لفهم الأسس والمفاهيم"",""الإبداع والفن: القدرة على التعبير عن الأفكار والمشاعر بشكل فني وإبداعي من خلال مختلف وسائل التعبير"",""التواصل الاجتماعي: القدرة على بناء علاقات قوية وفعّالة مع الآخرين والتفاعل معهم بشكل إيجابي"",""الفضول الفكري: الرغبة في فهم العالم من حولك واستكشاف أفكار جديدة""]";"[""قد تميل للتعالي الفكري في بعض المواقف مما قد يؤثر على علاقاتك مع الآخرين"",""قد تواجه صعوبة في التواصل مع أشخاص لا يشاركونك نفس الاهتمامات الفكرية"",""قد تجد صعوبة في التكيف مع البيئات غير المنظمة أو التي تفتقر للمنطق"",""قد تحتاج لتطوير مهارات الصبر عند التعامل مع المهام الروتينية المتكررة""]";"[""صحفي / محرر محتوى"",""طبيب نفسي"",""مدير متحف"",""مدرس لغة"",""باحث ثقافي / مدير مشاريع ثقافية""]";"[""التاريخ"",""علم النفس"",""علم المتاحف"",""اللغويات"",""دراسات ثقافية""]";2025-12-04 13:31:29.37474+00;;[];[];[];[]
454ff51b-7aec-45ce-b1c0-b165ecd92a32;CIS;تجمع وتنظم المعلومات وتتحقق منها لتقدمها للناس. أنت حارس المعرفة الذي يسهل على الباحثين والجمهور الوصول لما يريدون بدقة.;"[""تصنيف وفهرسة المعلومات: القدرة على تنظيم البيانات والمعلومات بشكل منهجي ودقيق"",""البحث العلمي الدقيق: القدرة على إجراء بحوث علمية شاملة ومنظمة"",""خدمة الباحثين: القدرة على مساعدة الآخرين في الوصول للمعلومات التي يحتاجونها"",""الأمانة العلمية: القدرة على التعامل مع المعلومات بنزاهة ومصداقية عالية""]";"[""قد تميل للتركيز على الكمال مما يؤخر إنجاز المهام"",""قد تواجه صعوبة في التفويض والثقة بقدرات الآخرين"",""قد تجد صعوبة في التعامل مع الأخطاء سواء منك أو من الآخرين"",""قد تحتاج لتطوير مهارات قبول النتائج الجيدة بدلاً من المثالية""]";"[""أمين مكتبة"",""أخصائي أرشيف إلكتروني"",""محرر ومراجع نصوص"",""باحث قانوني"",""محلل سياسات""]";"[""علم المعلومات والمكتبات"",""اللغات والترجمة"",""القانون"",""التاريخ"",""إدارة المعلومات""]";2025-12-09 22:48:50.459082+00;;[];[];[];[]
651867ad-6909-4b87-a9ed-2e6e3795bf66;ISC;توجد في هذه الشخصية ميزة تجمع بين القدرة على الاستكشاف والتحليل، والقدرة على التواصل والعمل الاجتماعي، مع التفضيل للأنشطة التي تتطلب التنظيم والبنية القائمة. إنها مزيج فريد يجمع بين الفضول الفكري والتواصل الاجتماعي والدقة التنظيمية.;"[""الاستقصاء والتحليل: القدرة على جمع المعلومات وتحليلها بشكل دقيق لفهم الأمور بعمق"",""التواصل الاجتماعي: القدرة على بناء العلاقات والتواصل مع الآخرين بشكل فعّال"",""التنظيم والهيكلة: القدرة على العمل ضمن الهياكل والبنى الموجودة بشكل منظم ومنتظم"",""الدقة والموثوقية: القدرة على إنجاز المهام بدقة والالتزام بالمواعيد""]";"[""قد تواجه صعوبة في التوازن بين القيم الاجتماعية والاستقصائية والتقليدية"",""قد يعيق الاهتمام بالعمل الاجتماعي قدرتك على التركيز بشكل كافٍ على الاستقصاء والتحليل"",""قد تواجه صعوبة في التكيف مع البيئات التي تتطلب المرونة والتغيير السريع"",""قد تميل للتردد في اتخاذ القرارات عندما تتعارض الجوانب المختلفة""]";"[""أخصائي الصحة العامة"",""مختص في التسويق الإجتماعي"",""محلل السياسات العامة"",""علم النفس المدرسي"",""العمل التطوعي""]";"[""إدارة شؤون الموظفين"",""تحليل البيانات والإحصاء"",""التخطيط العمراني"",""العلوم السياسية"",""التعليم الأساسي – التعليم المتوسط"",""علم الإجتماع""]";2025-12-04 13:31:29.37474+00;;[];[];[];[]
81ee848e-1bad-43a2-96ae-dfb2953a0ef5;RSI;هذه الشخصية تجمع بين القدرة على التعامل مع المهام العملية والملموسة، والقدرة على التواصل مع الآخرين وبناء العلاقات الاجتماعية، مع الفضول والقدرة على الاستقصاء والتحليل. من المحتمل أن تكون قادرًا على حل المشكلات وتحب العمل على حلول عملية بينما تكون واعيًا اجتماعيًا وترغب في إحداث فرق.;"[""القدرة على العمل العملي: القدرة على التعامل مع المشاكل والمهام بشكل فعّال وملموس"",""المهارات الاجتماعية: القدرة على بناء العلاقات والتواصل مع الآخرين بشكل فعّال"",""الفضول والاستقصاء: القدرة على جمع المعلومات وتحليلها بشكل دقيق لفهم الأمور بعمق"",""التعاون مع الآخرين: القدرة على العمل ضمن فريق وتقديم الدعم للزملاء""]";"[""قد تواجه صعوبة في التوازن بين القيم العملية والاجتماعية والاستقصائية"",""قد تواجه صعوبة في التكيف مع البيئات التي تتطلب مهارات اجتماعية قوية دون التخلي عن العمل العملي"",""قد يعيق التركيز على العمل العملي القدرة على التواصل بشكل فعّال"",""قد تميل للتردد في اتخاذ القرارات عندما تتعارض الاحتياجات المختلفة""]";"[""تخطيط المدن"",""صحفي استقصائي"",""مهندس مدني"",""باحث بيولوجي"",""مهندس بيئي"",""مسؤول السلامة""]";"[""التخطيط المجتمعي"",""علوم بيئية"",""دراسات الإستدامة"",""إدارة الموارد البشرية"",""تكنولوجيا البناء"",""الهندسة المدنية""]";2025-12-04 13:31:29.37474+00;;[];[];[];[]
5a468ce3-f526-467a-a7b7-533cfc7c6e08;ICR;تجمع هذه الشخصية بين الفضول للاستكشاف والتحليل، والقدرة على العمل ضمن الهياكل والإطارات المنظمة، مع الفضول للعمل العملي والملموس. إنها ميزة تعكس التفكير العملي مع القدرة على فهم وتحليل النظريات والبيانات بشكل دقيق.;"[""الاستقصاء والتحليل: القدرة على جمع البيانات وتحليلها بدقة لفهم النظريات والمفاهيم"",""التنظيم والهيكلة: القدرة على العمل ضمن الإطارات المنظمة والبنى الهيكلية"",""العمل العملي: القدرة على التعامل مع المشاكل والمواقف بشكل عملي وملموس"",""الدقة في التنفيذ: القدرة على إنجاز المهام بدقة عالية ومعايير صارمة""]";"[""قد تميل للالتزام الصارم بالقواعد مما يحد من الابتكار"",""قد تواجه صعوبة في التعامل مع المواقف الغامضة أو غير المحددة"",""قد تجد صعوبة في قبول التغييرات في الإجراءات المعتادة"",""قد تحتاج لتطوير مهارات المرونة في حل المشكلات المعقدة""]";"[""محلل بيانات"",""منسق الخدمات اللوجستية"",""مدير مالي"",""مهندس ميكانيكي"",""إدارة المشتريات"",""إدارة الجودة""]";"[""علوم الحاسوب"",""الإدارة اللوجستية"",""تكنلوجيا المعلومات"",""الهندسة الميكانيكية"",""المحاسبة"",""التخطيط الإداري""]";2025-12-04 13:31:29.37474+00;;[];[];[];[]
3aff27bf-3ca1-481f-ae86-0a70f22ab397;CRS;تركز على النظام والتطبيق العملي مع مراعاة الجانب الاجتماعي. وظيفتك التأكد من أن القوانين تطبق على أرض الواقع لحماية المجتمع.;"[""التفتيش والرقابة: القدرة على إجراء عمليات التفتيش والمتابعة بشكل شامل ودقيق"",""تطبيق اللوائح بحزم: القدرة على تطبيق الأنظمة والقوانين بصرامة وعدالة"",""النزاهة والموضوعية: القدرة على إصدار أحكام موضوعية بعيداً عن التحيز الشخصي"",""كتابة التقارير الميدانية: القدرة على توثيق الملاحظات والنتائج بشكل واضح ومهني""]";"[""قد تميل للتمسك بالطرق المعتادة حتى لو لم تكن الأفضل"",""قد تواجه صعوبة في قيادة التغيير في بيئة العمل"",""قد تجد صعوبة في التعامل مع المهام التي تتطلب ارتجالاً"",""قد تحتاج لتطوير مهارات المرونة والتكيف السريع""]";"[""مفتش سلامة مهنية"",""مراقب بلدي"",""فني جمارك"",""مراقب جودة أغذية"",""مشرف أمن وسلامة""]";"[""الصحة والسلامة المهنية"",""علوم البيئة"",""القانون"",""تقنية سلامة الأغذية"",""الإدارة الفنية""]";2025-12-09 22:48:50.459082+00;;[];[];[];[]
b6c56a4f-68fa-49bd-8ff5-f81efd656f1a;ISA;هذه الشخصية تجمع بين الفضول والقدرة على التحليل، مع القدرة على التواصل الاجتماعي والإبداع. إنها ميزة تعكس القدرة على فهم المفاهيم المعقدة والتواصل بفعالية مع الآخرين بشكل إبداعي.;"[""الفضول والتحليل: القدرة على البحث والتحليل وفهم الأمور بعمق"",""المهارات الاجتماعية: القدرة على التواصل مع الآخرين وبناء العلاقات الاجتماعية بشكل فعّال"",""الإبداع والتصوير: القدرة على التعبير عن الأفكار والمشاعر بشكل إبداعي وفني"",""التفكير المتعدد الأبعاد: القدرة على رؤية المواقف من زوايا مختلفة""]";"[""قد يكون من الصعب التركيز على مهمة واحدة بسبب الفضول والاهتمام بعدة مجالات"",""قد يكون من الصعب التكيف مع بيئات العمل التي تتطلب التركيز على العمل الاجتماعي أو الفني دون التضحية بالفضول"",""قد تواجه صعوبة في تنظيم وترتيب الأفكار والمشاريع بسبب الاهتمام بعدة جوانب"",""قد تميل للتنقل بين المشاريع قبل إتمامها بالكامل""]";"[""باحث في الدراسات الإسلامية"",""إدارة التواصل الإجتماعي"",""مصمم جرافيك"",""إدارة المشاريع الثقافية"",""محلل بيانات""]";"[""انثروبولوجيا (علم الإنسان)"",""الفلسفة / الفكر الإسلامي"",""التسويق والإعلان"",""الفنون الجميلة"",""علم الإجتماع"",""علم النفس""]";2025-12-04 13:31:29.37474+00;;[];[];[];[]
498be960-6233-41df-b74b-41ec04d37598;ISR;هذه الشخصية تجمع بين القدرة على التعامل مع المهام العملية والملموسة، والقدرة على التواصل مع الآخرين وبناء العلاقات الاجتماعية، مع الفضول والقدرة على الاستقصاء والتحليل. من المحتمل أن تكون قادرًا على حل المشكلات وتحب العمل على حلول عملية بينما تكون واعيًا اجتماعيًا وترغب في إحداث فرق.;"[""التفكير التحليلي: القدرة على التفكير النقدي وحل المشاكل بشكل منهجي"",""العمل العملي: القدرة على التعامل مع المهام والمشاريع العملية بكفاءة"",""المهارات الاجتماعية: القدرة على التواصل بشكل فعال والتفاعل مع الآخرين بشكل إيجابي"",""حل المشكلات المعقدة: القدرة على تحليل المشكلات وإيجاد حلول عملية ومبتكرة""]";"[""قد تجد صعوبة في الموازنة بين الحاجة للتحليل العميق والتفاعل الاجتماعي المستمر"",""قد تواجه صعوبة في التكيف مع التغيرات السريعة أو غير المتوقعة في بيئة العمل"",""قد تحتاج إلى تطوير المرونة في التعامل مع المهام التي لا تحتوي على إرشادات واضحة"",""قد تميل للتركيز على الجوانب التقنية على حساب الجوانب الإنسانية""]";"[""تخطيط المدن"",""صحفي استقصائي"",""مهندس مدني"",""باحث بيولوجي"",""مهندس بيئي"",""مسؤول السلامة""]";"[""التخطيط المجتمعي"",""علوم بيئية"",""دراسات الإستدامة"",""إدارة الموارد البشرية"",""تكنولوجيا البناء"",""الهندسة المدنية""]";2025-12-04 13:31:29.37474+00;;[];[];[];[]
207c0fa0-fe21-42d0-afaf-d5cc82aa89ac;IRC;هذه الشخصية تجمع بين الفضول والقدرة على التحليل، مع القدرة على التعامل مع المهام العملية والمنهجية، والتفاعل مع البيئة المهنية بشكل منظم وهادف.;"[""الفضول والتحليل: القدرة على البحث والتحليل وفهم الأمور بعمق"",""القدرة على العمل العملي: القدرة على التعامل مع المشاكل العملية وإيجاد الحلول المناسبة"",""التفكير المنهجي: القدرة على تنظيم الأفكار وتنفيذ الأنشطة بطريقة منظمة ومنهجية"",""الموضوعية: القدرة على تحليل المواقف بحيادية واتخاذ قرارات مبنية على الحقائق""]";"[""قد تميل للانغماس في التفاصيل مما قد يؤثر على رؤية الصورة الكاملة"",""قد تواجه صعوبة في التكيف مع التغييرات المفاجئة في خطط العمل"",""قد تجد صعوبة في التعامل مع المواقف التي تتطلب مرونة عالية"",""قد تحتاج لتطوير مهارات التفويض والثقة بقدرات الآخرين""]";"[""مهندس إلكترونيك / كهرباء / زراعة"",""خبير أشعة"",""محاسب"",""مطور برمجيات"",""عالم أوبئة وأمراض""]";"[""الهندسة الكهربائية / الكترونيك / الزراعة"",""علوم الكمبيوتر"",""المحاسبة والإقتصاد"",""علم الاوبئة والأمراض"",""هندسة النظم"",""مختبرات طبية""]";2025-12-04 13:31:29.37474+00;;[];[];[];[]
220aee67-a7ab-40aa-abbf-def661cffa9c;ECS;أنت الشخص الذي يضع القوانين ويدير الناس لتحقيق الربح أو النظام. تشبه كود CES ولكنك أكثر طموحاً وتركيزاً على النتائج والأرقام والنمو الوظيفي.;"[""القيادة الإدارية الحازمة: القدرة على قيادة المنظمات واتخاذ القرارات بحزم وثقة"",""الكفاءة في التنظيم: القدرة على تنظيم الموارد المالية والبشرية بفعالية عالية"",""وضوح الرؤية والأهداف: القدرة على تحديد أهداف واضحة والعمل على تحقيقها بإصرار"",""التفاوض التجاري: القدرة على التفاوض وإبرام الصفقات التجارية بنجاح""]";"[""قد تميل للتركيز على الأهداف الكبيرة وتهمل التفاصيل الصغيرة"",""قد تواجه صعوبة في التحلي بالصبر مع الموظفين الأقل كفاءة"",""قد تجد صعوبة في التعامل مع البيروقراطية والإجراءات البطيئة"",""قد تحتاج لتطوير مهارات التوازن بين العمل والحياة الشخصية""]";"[""مدير فندق"",""مدير مبيعات إقليمي"",""مسؤول عقود ومناقصات"",""مدير شؤون موظفين"",""مستشار ضرائب وتأمين""]";"[""إدارة الأعمال"",""الإدارة الفندقية"",""القانون التجاري"",""إدارة الموارد البشرية"",""العلوم المالية والمصرفية""]";2025-12-09 22:33:00.882734+00;;[];[];[];[]
2a0f8639-6970-4c60-b983-0881a717ff99;ERI;تجمع بين القيادة، والمهارة التقنية، والقدرة على حل المشكلات. أنت الشخص الذي يقود الفرق الفنية والهندسية لأنك تفهم لغتهم وتعرف كيف تدير البيزنس.;"[""قيادة الفرق الفنية: القدرة على توجيه وإدارة فرق العمل التقنية نحو تحقيق الأهداف"",""الفهم التجاري والتقني: القدرة على الجمع بين الفهم التقني والوعي التجاري في آن واحد"",""سرعة البديهة: القدرة على التفكير السريع وحل المشكلات الطارئة بفعالية"",""تبني التقنيات الجديدة: القدرة على استكشاف وتطبيق التقنيات الحديثة بجرأة""]";"[""قد يصيبك نفاذ الصبر عند التعامل مع التفاصيل الروتينية والإدارية"",""قد تواجه صعوبة في تفويض المهام للآخرين"",""قد تحتاج لتطوير مهارات الصبر والتأني في اتخاذ القرارات"",""قد تميل للسيطرة الزائدة على المشاريع""]";"[""مدير منتج تقني"",""مهندس مبيعات"",""رائد أعمال تقني"",""مدير هندسي"",""مطور حلول صناعية""]";"[""الإدارة الهندسية"",""هندسة ميكانيكية"",""نظم المعلومات"",""ريادة الأعمال"",""هندسة الاتصالات""]";2025-12-09 22:33:00.882734+00;;[];[];[];[]
e4edc449-1fde-4ae4-b106-3170d29e0aa4;RAC;هذه الشخصية متعددة الأبعاد، حيث يجمع بين العمل العملي، والإبداع، والتقليدي. هذه الخلطة الفريدة تعكس شخصًا موازنًا بين القدرة على التعامل مع المهام العملية، والتعبير عن الإبداع من خلال الفن، والاهتمام بالتقاليد والقواعد.;"[""القدرة على التعبير الإبداعي: القدرة على التعبير عن الأفكار والمشاعر من خلال الفنون والتصميم"",""العمل العملي: القدرة على التعامل مع المهام العملية وتنفيذها بشكل فعال وفي الوقت المحدد"",""التركيز على التقاليد: الاهتمام بالقيم التقليدية والقدرة على العمل ضمن إطار من القواعد"",""الدقة والإتقان: القدرة على إنجاز الأعمال بجودة عالية ومعايير صارمة""]";"[""قد تميل للتركيز على التفاصيل الفنية وتهمل الجوانب الجمالية"",""قد تواجه صعوبة في التعبير عن رؤيتك الإبداعية للآخرين"",""قد تجد صعوبة في التكيف مع متطلبات العملاء المتغيرة"",""قد تحتاج لتطوير مهارات التسويق لأعمالك ومشاريعك الفنية""]";"[""حرفي"",""فنان / مصمم جرافيك"",""مصمم داخلي"",""إدارة الفعاليات"",""فني مراقبة الجودة"",""محلل مالي""]";"[""المهن الحرفية"",""التسويق والإعلام"",""التكنلوجيا والتصميم"",""مراقبة الجودة والسلامة"",""الهندسة المعمارية""]";2025-12-04 13:31:29.37474+00;;[];[];[];[]
041cd40b-30af-41f7-ab4d-80393f016b29;REC;هذه الشخصية تشير إلى شخصية عملية، ريادية، ومنظمة. يجمع هذا التكوين بين القدرة على التعامل مع المهام العملية، الطموح في تحقيق الأهداف، والالتزام بالقواعد والإجراءات.;"[""العمل العملي: القدرة على التعامل مع المهام العملية والمشاريع التنفيذية بشكل فعال"",""الريادة والطموح: الميل لتحقيق الأهداف الكبيرة وإظهار القيادة والقدرة على إدارة المشاريع"",""التنظيم والتفاني: الالتزام بالقواعد والإجراءات والقدرة على تنظيم العمل والموارد بشكل منهجي"",""الكفاءة في التنفيذ: القدرة على إنجاز المهام بسرعة وجودة عالية""]";"[""قد تميل للتسرع في اتخاذ القرارات دون دراسة كافية"",""قد تواجه صعوبة في التعامل مع المهام التي تتطلب صبراً طويلاً"",""قد تجد صعوبة في قبول الفشل والتعلم منه بشكل إيجابي"",""قد تحتاج لتطوير مهارات التخطيط طويل المدى للمشاريع""]";"[""مطور عقاري"",""تجارة إلكترونية"",""مدير مراقبة الجودة"",""إدارة الخدمات اللوجستية"",""مهندس صناعي""]";"[""إدارة أعمال"",""إدارة الممتلكات"",""الإقتصاد والمالية"",""إدارة الجودة"",""الخدمات اللوجستية وسلاسل التوريد""]";2025-12-04 13:31:29.37474+00;;[];[];[];[]
3213c459-d959-463e-82a3-a86d2e60807b;ESC;قائد بالفطرة يعتمد على بناء العلاقات والحفاظ على النظام. أنت بارع في قيادة المؤسسات المستقرة، وتعرف كيف تحفز الموظفين مع الحفاظ على الانضباط المؤسسي.;"[""القيادة المتوازنة: القدرة على قيادة الفرق بأسلوب يوازن بين الحزم والتعاطف"",""بناء ولاء الموظفين: القدرة على خلق بيئة عمل تعزز انتماء الموظفين وولائهم"",""التفاوض متعدد الأبعاد: القدرة على التفاوض بنجاح في السياقات التجارية والاجتماعية"",""إدارة السمعة المؤسسية: القدرة على بناء وحماية سمعة المؤسسة في المجتمع""]";"[""قد تميل للطموح المفرط مما قد يسبب ضغطاً على العلاقات"",""قد تواجه صعوبة في التوازن بين طموحاتك ومسؤولياتك الاجتماعية"",""قد تجد صعوبة في تقبل البطء في تحقيق الأهداف"",""قد تحتاج لتطوير مهارات الصبر والتأني في بناء النجاح""]";"[""مدير علاقات عامة"",""مدير فندق"",""مدير مبيعات وتوزيع"",""مدير فرع بنك"",""ممثل دبلوماسي""]";"[""العلوم السياسية"",""إدارة الفنادق"",""التسويق"",""العلاقات الدولية"",""إدارة الأعمال""]";2025-12-09 22:48:50.459082+00;;[];[];[];[]
f2da7b16-cc2b-45bb-a070-72660635694e;IAR;عقلية علمية بلمسة فنية وتطبيقية. لا تكتفي بتخيل الأشياء بل تدرس كيف تعمل وكيف تصنعها. هذا الكود هو كود المخترعين والمصممين الصناعيين.;"[""الابتكار العلمي: القدرة على تطوير ابتكارات جديدة مبنية على أسس علمية صحيحة"",""التصور ثلاثي الأبعاد: القدرة على تخيل وتصميم الأشكال والمجسمات بدقة"",""حل المشكلات التصميمية: القدرة على إيجاد حلول إبداعية للتحديات التصميمية المعقدة"",""الاهتمام بالتفاصيل: القدرة على ملاحظة ومعالجة التفاصيل الدقيقة في العمل""]";"[""قد تميل للانعزال الاجتماعي أثناء العمل مما يحد من التعاون مع الآخرين"",""قد تواجه صعوبة في التواصل الفعال مع فريق العمل"",""قد تحتاج لتطوير مهارات العرض والتقديم أمام الجمهور"",""قد تميل للتركيز على الجوانب التقنية على حساب العلاقات الإنسانية""]";"[""مهندس معماري"",""مصمم صناعي"",""مطور جرافيك وبرمجة"",""أخصائي ترميم آثار"",""مهندس مناظر طبيعية""]";"[""العمارة"",""التصميم الصناعي"",""الجرافيك ديزاين"",""الآثار والمتاحف"",""الهندسة المدنية""]";2025-12-09 22:33:00.882734+00;;[];[];[];[]
adaf430e-9a8b-4a36-8b86-cda00be4d208;IER;باحث ذكي يمتلك حساً تجارياً. تركز على الأبحاث التي يمكن تحويلها إلى منتجات ومال. تجيد تحويل النظريات العلمية إلى مشاريع واقعية ناجحة.;"[""الربط بين العلم والتجارة: القدرة على تحويل الأفكار العلمية إلى منتجات تجارية ناجحة"",""إدارة فرق البحث: القدرة على قيادة وتوجيه فرق البحث العلمي نحو النتائج المرجوة"",""تقييم الجدوى الاقتصادية: القدرة على تقييم الأفكار من حيث جدواها الاقتصادية والعملية"",""حل المشكلات التقنية: القدرة على مواجهة وحل التحديات التقنية الصعبة بكفاءة""]";"[""قد تميل للصرامة الفكرية مما قد يصعب قبول الآراء المختلفة"",""قد تواجه صعوبة في التعامل مع المواقف التي تتطلب مرونة فكرية"",""قد تحتاج لتطوير مهارات الاستماع الفعال للآخرين"",""قد تميل للتمسك برأيك حتى في وجود أدلة مخالفة""]";"[""مدير بحث وتطوير"",""محلل مخاطر"",""مهندس براءات اختراع"",""مدير مشاريع طاقة"",""مستشار تقني""]";"[""الهندسة الكيميائية"",""إدارة التكنولوجيا"",""العلوم الاكتوارية"",""الفيزياء التطبيقية"",""إدارة المشاريع""]";2025-12-09 22:33:00.882734+00;;[];[];[];[]
5b3e0f26-e2b8-492b-8a5a-336cf84e4b89;REA;"الأفراد الذين يتمتعون بشخصية ""REA"" هم غالبًا قادة طبيعيون يتمتعون بقدرة فريدة على تحويل الأفكار إلى واقع ملموس. هذه الشخصيات تحتاج إلى بيئات تسمح لها بالتعبير عن إبداعها بينما تقود وتدير مشاريع معقدة.";"[""القدرة الريادية: الميل للقيادة وإدارة المشاريع واتخاذ المبادرات لتحقيق الأهداف الكبيرة"",""العمل العملي: القدرة على التعامل مع المهام التنفيذية والمشاريع العملية بكفاءة"",""الإبداع الفني: القدرة على التفكير بشكل خلاق والتعبير عن الأفكار والمشاعر من خلال الفن"",""المرونة في التنفيذ: القدرة على تكييف الخطط حسب متطلبات الواقع""]";"[""قد تميل للاندفاع في المشاريع الجديدة دون تقييم المخاطر"",""قد تواجه صعوبة في الالتزام بالميزانيات والجداول الزمنية"",""قد تجد صعوبة في التفويض والثقة بقدرات فريق العمل"",""قد تحتاج لتطوير مهارات الإدارة المالية وضبط التكاليف""]";"[""مطور عقاري"",""تجارة إلكترونية"",""مدير مطعم"",""رجل أعمال (موضة, ملابس)"",""مصمم داخلي""]";"[""إدارة الممتلكات"",""إدارة أعمال"",""الضيافة والسياحة"",""تصميم الأزياء"",""التصميم الداخلي"",""الفنون الجميلة""]";2025-12-04 13:31:29.37474+00;;[];[];[];[]
449592ab-132c-4c86-984f-f1b3a3ac1a8a;ISE;باحث يحب التعليم والقيادة. هذا هو كود الأساتذة الجامعيين ومديري المراكز البحثية. تحب المعرفة، وتحب نقلها للآخرين، وتحب إدارة المؤسسة التعليمية.;"[""القدرة على التعليم: القدرة على نقل المعرفة والمهارات للآخرين بطريقة فعالة"",""التفكير النقدي والتحليلي: القدرة على تحليل المعلومات وتقييمها بشكل منطقي"",""الإدارة الأكاديمية: القدرة على إدارة البرامج والمؤسسات التعليمية بكفاءة"",""التواصل مع العقول المختلفة: القدرة على التواصل الفعال مع أنماط تفكير متنوعة""]";"[""قد تميل للتعالي الفكري أحياناً مما قد يؤثر على علاقاتك المهنية"",""قد تواجه صعوبة في تبسيط المفاهيم المعقدة للآخرين"",""قد تحتاج لتطوير مهارات التواضع والانفتاح على آراء الآخرين"",""قد تميل للنقد الزائد للأفكار غير المكتملة""]";"[""أستاذ جامعي"",""مدير مركز أبحاث"",""محلل نفسي"",""مستشار تعليمي"",""مدير مستشفى""]";"[""الطب"",""علم النفس"",""التربية الخاصة"",""إدارة الخدمات الصحية"",""العلوم السياسية""]";2025-12-09 22:33:00.882734+00;;[];[];[];[]
6a109270-b92c-46d9-b89f-9f210b8aa4a8;RAE;فنان يحب العمل بيده ويبيع ما ينتجه. قد تكون طاهياً، أو مصمم أزياء، أو صانع مجوهرات. تمزج المهارة اليدوية بالذوق الفني والذكاء التجاري.;"[""الإبداع التجاري: القدرة على ابتكار أفكار تجارية ناجحة ومربحة"",""القيادة العملية: القدرة على قيادة المشاريع من مرحلة الفكرة إلى التنفيذ"",""التفكير الاستراتيجي: القدرة على التخطيط للمستقبل ووضع استراتيجيات فعالة"",""المرونة والتكيف: القدرة على التكيف مع الظروف المتغيرة واغتنام الفرص""]";"[""قد تعاني من تقلب المزاج مما يؤثر على استقرارك في العمل"",""قد تواجه صعوبة في الحفاظ على التركيز لفترات طويلة"",""قد تحتاج لتطوير مهارات إدارة المشاعر والضغوط"",""قد تميل للتشتت بين الاهتمامات المتعددة""]";"[""شيف تنفيذي"",""مصمم أزياء"",""منسق زهور"",""مصمم ديكور"",""مخرج فني""]";"[""فنون الطهي"",""تصميم الأزياء"",""الفنون التطبيقية"",""التصوير الفوتوغرافي"",""التسويق""]";2025-12-09 22:33:00.882734+00;;[];[];[];[]
0fab07ee-e68e-4a2d-b545-72824b16e63a;RCI;شخصية دقيقة وعملية جداً. تحب التعامل مع الأجهزة والبرامج والبيانات بدقة متناهية. أنت الشخص الذي يصلح الأعطال المعقدة ويضمن عمل الأنظمة بكفاءة.;"[""التفكير التحليلي: القدرة على تفكيك المشكلات المعقدة وتحليل مكوناتها بدقة"",""الدقة التقنية: القدرة على العمل بدقة عالية في المهام التقنية والفنية"",""حل المشكلات المنهجي: القدرة على اتباع منهجية واضحة في حل المشكلات"",""إدارة البيانات: القدرة على تنظيم وإدارة البيانات والمعلومات بكفاءة""]";"[""قد تواجه صعوبة في التواصل الاجتماعي والتعبير عن أفكارك للآخرين"",""قد تميل للانعزال والعمل بمفردك بشكل مفرط"",""قد تحتاج لتطوير مهارات العرض والتقديم"",""قد تواجه صعوبة في بناء العلاقات المهنية""]";"[""مطور ويب Backend"",""فني مختبرات"",""مراقب جودة"",""محلل نظم"",""مهندس صيانة طائرات""]";"[""علوم الحاسب"",""المختبرات الطبية"",""الهندسة الإلكترونية"",""تقنية المعلومات"",""ميكانيكا""]";2025-12-09 22:33:00.882734+00;;[];[];[];[]
f28a422e-61bc-45bb-a873-8cec020b3865;SIA;"يشير هذا المزيج إلى شخص يتمتع بوعي اجتماعي قوي وفضول وإبداع. أنت مهتم بفهم الناس وفي نفس الوقت استكشاف أفكار وأشكال تعبير جديدة. تكوين ""SIA"" يعكس شخصية متعددة الأبعاد تجمع بين المهارات الاجتماعية، التفكير التحليلي، والإبداع الفني.";"[""المهارات الاجتماعية: القدرة على التواصل بشكل فعّال وفهم احتياجات الآخرين"",""التفكير التحليلي: القدرة على التفكير النقدي وحل المشكلات بشكل منهجي وعلمي"",""الإبداع الفني: حس فني وقدرة على التعبير الإبداعي والتفكير خارج الصندوق"",""التعاطف مع الآخرين: القدرة على فهم مشاعر الآخرين والتعامل معهم بحساسية""]";"[""قد تميل للمثالية في مساعدة الآخرين مما قد يؤدي للإرهاق"",""قد تواجه صعوبة في وضع حدود صحية في العلاقات المهنية"",""قد تجد صعوبة في التعامل مع الصراعات والخلافات بحزم"",""قد تحتاج لتطوير مهارات الاهتمام بذاتك أثناء مساعدة الآخرين""]";"[""طبيب نفسي"",""متخصص لغات وأدب"",""صحافي"",""عالم اجتماع"",""إدارة المتاحف""]";"[""اللغات وآدابها"",""الفلسفة والأديان"",""علم النفس"",""الصحافة"",""علم الإجتماع"",""التراث الثقافي""]";2025-12-04 13:31:29.37474+00;;[];[];[];[]
a8ac248b-f4ee-4cb3-b91f-56de9c1bb93e;RCS;تحب خدمة المجتمع من خلال عمل منظم وميداني. تجد نفسك في الوظائف التي تتطلب انضباطاً وخدمة للناس، مثل الإطفاء أو التمريض الميداني أو العمل الأمني.;"[""المهارات الفنية: القدرة على تنفيذ المهام الفنية والتقنية بإتقان عالٍ"",""الالتزام بالمعايير: القدرة على الالتزام بمعايير الجودة والسلامة بدقة"",""العمل الميداني: القدرة على العمل بفعالية في بيئات العمل الميدانية"",""التوثيق والتقارير: القدرة على توثيق العمل وكتابة التقارير بشكل واضح ومنظم""]";"[""قد تواجه صعوبة في التخطيط الاستراتيجي طويل المدى للمشاريع"",""قد تميل للتركيز على التفاصيل التقنية على حساب الرؤية الشاملة"",""قد تحتاج لتطوير مهارات القيادة والتوجيه"",""قد تواجه صعوبة في التفاوض والإقناع""]";"[""رجل إطفاء"",""فني طوارئ"",""مراقب بيئي"",""مشرف أمن وسلامة"",""فني أشعة""]";"[""علوم الدفاع المدني"",""الخدمات الطبية الطارئة"",""الصحة العامة"",""العلوم الأمنية"",""التمريض""]";2025-12-09 22:33:00.882734+00;;[];[];[];[]
ffe4aa69-aac0-46d7-804b-bc2207e3beb5;RES;قائد يحب التواجد في قلب الحدث. لا تحب الجلوس خلف المكتب، بل تقود فريقك في الموقع. شخصية قوية، عملية، ومحبوبة من الفريق.;"[""القيادة الميدانية: القدرة على قيادة الفرق في بيئات العمل التطبيقية والميدانية"",""حل المشكلات العملية: القدرة على إيجاد حلول عملية وسريعة للتحديات الميدانية"",""التنسيق والتنظيم: القدرة على تنسيق الجهود وتنظيم الموارد لتحقيق الأهداف"",""الحس التجاري: القدرة على فهم السوق واتخاذ قرارات تجارية سليمة""]";"[""قد تميل للاندفاع والتهور في اتخاذ القرارات دون تحليل كافٍ"",""قد تواجه صعوبة في الصبر على العمليات البطيئة"",""قد تحتاج لتطوير مهارات التأني والتفكير قبل التصرف"",""قد تميل لتجاهل المخاطر المحتملة""]";"[""ضابط شرطة"",""مدرب رياضي محترف"",""مدير موقع إنشاءات"",""مدير مبيعات ميدانية"",""قبطان بحري""]";"[""العلوم العسكرية"",""التربية البدنية"",""إدارة الضيافة"",""الهندسة المدنية"",""الملاحة البحرية""]";2025-12-09 22:33:00.882734+00;;[];[];[];[]
86acb70d-9ecc-47ce-acea-770b424f0477;ACE;هذه الشخصية تشير إلى شخص يمتلك إبداعًا فنيًا، وروحًا ريادية، ومهارات تنظيمية قوية. لديك القدرة على الابتكار وقيادة المشاريع، بالإضافة إلى التنظيم الدقيق للعمل.;"[""الإبداع والابتكار: القدرة على التفكير خارج الصندوق وتقديم أفكار جديدة ومبتكرة"",""القيادة والمبادرة: القدرة على قيادة المشاريع واتخاذ المبادرات لتحقيق النجاح"",""التنظيم والترتيب: القدرة على العمل بشكل منظم وفعّال وفقًا للإجراءات والمعايير"",""التواصل الفعال: القدرة على التعبير عن الأفكار بوضوح وإقناع الآخرين""]";"[""قد تواجه صعوبة في التوازن بين الإبداع والتنظيم في بعض المواقف"",""قد تواجه تحديات في التعامل مع الفشل وتحتاج للمرونة والصبر"",""قد تحتاج لإدارة الوقت بشكل أفضل بين الأنشطة المختلفة"",""قد تميل للكمالية مما قد يؤخر إنجاز المهام""]";"[""مدير تسويق إبداعي"",""مدير مشروع في الفنون"",""مصمم إعلانات"",""منسق فعاليات"",""مدرب تطوير شخصي""]";"[""إدارة الأعمال"",""الفنون الجميلة"",""التسويق والإعلان"",""إدارة الفعاليات"",""التنمية البشرية""]";2025-12-09 22:33:00.882734+00;;[];[];[];[]
e193e3cd-b0a7-4bd1-8cf0-a8553af43bf6;AEC;هذه الشخصية تمتلك مزيجًا من الإبداع الفني، والقدرة على التواصل والتفاعل الريادي، والتنظيم. يشير هذا المزيج إلى شخص مبدع ورائد أعمال وفي نفس الوقت منظم.;"[""الإبداع والابتكار: القدرة على التفكير بطرق جديدة ومبتكرة وتقديم أفكار فنية خلاقة"",""التواصل الاجتماعي: القدرة على بناء علاقات قوية وفعالة مع مختلف الأشخاص"",""القيادة والريادة: القدرة على تحفيز الفرق وتوجيههم نحو تحقيق الأهداف المشتركة"",""التنظيم الإداري: القدرة على تنظيم المشاريع وإدارتها بكفاءة""]";"[""قد تواجه صعوبة في إيجاد التوازن بين التعبير الفني وتحقيق الأهداف العملية"",""قد تحتاج إلى تطوير مهارات تحمل المسؤولية للتأثير بشكل إيجابي"",""قد تواجه تحديات في إدارة الوقت بين الأنشطة الفنية والإدارية"",""قد تميل للتشتت بين المشاريع المتعددة""]";"[""مدير اعلانات"",""محرر محتوى"",""مخرج مبدع"",""إدارة التواصل الاجتماعي"",""مسؤول علاقات عامة""]";"[""التسويق والإعلان"",""الإنتاج الإعلامي"",""العلاقات العامة والاتصالات"",""كتابة إبداعية"",""إخراج مسرحي تلفزيوني إذاعي""]";2025-12-09 22:33:00.882734+00;;[];[];[];[]
cce31153-bf4d-4141-a295-cb9ebca5168b;ECI;شخصية قيادية تعتمد على البيانات. لديك الطموح للوصول للمناصب العليا، ولكنك لا تعتمد على الكاريزما فقط، بل تتسلح بالحقائق والأرقام والخطط المدروسة.;"[""التخطيط الاستراتيجي المبني على البيانات: القدرة على وضع خطط مدعومة بتحليل دقيق للبيانات"",""إدارة الميزانيات: القدرة على إدارة الموارد المالية والبشرية بكفاءة عالية"",""الإقناع المنطقي: القدرة على إقناع الآخرين بالحجج والبراهين المنطقية"",""تحليل المخاطر: القدرة على تقييم المخاطر بدقة قبل اتخاذ القرارات المهمة""]";"[""قد تميل للمبالغة في الحذر والتحليل مما قد يؤخر اتخاذ القرارات"",""قد تواجه صعوبة في التعامل مع المخاطر والمواقف غير المتوقعة"",""قد تحتاج لتطوير مهارات الإبداع والتفكير خارج الصندوق"",""قد تميل للتركيز على التفاصيل الصغيرة على حساب الصورة الكبيرة""]";"[""مدير مالي"",""محلل استثمار"",""مدير عمليات"",""خبير اقتصادي"",""مدير مشاريع تقنية""]";"[""المالية"",""الاقتصاد"",""نظم المعلومات الإدارية"",""إدارة الأعمال"",""علوم البيانات""]";2025-12-09 22:33:00.882734+00;;[];[];[];[]
112fbf9e-0593-49f0-9b1d-00b14e2d9a64;RSE;شخصية تحب العمل والحركة والناس. تتألق في الوظائف التي تتطلب جهداً بدنياً وتواصلاً مع الجمهور وروحاً قيادية، مثل إدارة المنتزهات أو الأندية.;"[""الكفاءة العملية: القدرة على تنفيذ المهام العملية بكفاءة وفعالية عالية"",""خدمة المجتمع: القدرة على تقديم خدمات عملية تلبي احتياجات المجتمع"",""القيادة بالقدوة: القدرة على إلهام الآخرين من خلال العمل الجاد والمثابرة"",""التواصل الميداني: القدرة على التواصل الفعال مع الناس في بيئات العمل الميدانية""]";"[""قد تشعر بالملل من العمل المكتبي وتفضل الأنشطة الميدانية"",""قد تواجه صعوبة في التعامل مع المهام الروتينية المتكررة"",""قد تحتاج لتطوير مهارات الصبر على العمل الورقي"",""قد تميل لتجنب الاجتماعات الطويلة""]";"[""مدير نادي رياضي"",""مرشد سياحي للمغامرات"",""مدير منتزه وطني"",""مدرب تنمية بشرية"",""مسؤول أمن الفعاليات""]";"[""التربية البدنية"",""السياحة والآثار"",""إدارة الترفيه"",""العلوم الأمنية"",""علوم البيئة""]";2025-12-09 22:33:00.882734+00;;[];[];[];[]
da5ebc78-f331-4455-bbcd-7d19509a4ce3;ESI;قائد يهتم بالناس والقضايا المجتمعية، ويستخدم المنطق والبحث لتحقيق أهدافه. تسعى لقيادة مؤسسات أو مبادرات تترك أثراً حقيقياً في حياة البشر.;"[""القدرة الريادية: الميل للقيادة وإدارة المشاريع واتخاذ المبادرات لتحقيق الأهداف"",""المهارات الاجتماعية: القدرة على بناء العلاقات والتأثير في الآخرين بشكل إيجابي"",""التفكير التحليلي: القدرة على تحليل المواقف واتخاذ قرارات مدروسة"",""التواصل الفعال: القدرة على التعبير عن الأفكار بوضوح وإقناع""]";"[""قد تواجه صعوبة في التوازن بين الطموحات القيادية والاحتياجات الاجتماعية"",""قد تحتاج إلى تطوير الصبر عند التعامل مع التفاصيل الدقيقة"",""قد تميل للسيطرة على المواقف مما قد يحد من مشاركة الآخرين"",""قد تجد صعوبة في قبول النقد البناء""]";"[""مدير منظمة غير ربحية"",""مسؤول مسؤولية اجتماعية"",""مدير موارد بشرية"",""أخصائي تدريب وتطوير"",""مستشار توجيه مهني""]";"[""الخدمة الاجتماعية"",""علم النفس"",""إدارة الموارد البشرية"",""القانون الدولي"",""التربية""]";2025-12-09 22:33:00.882734+00;;[];[];[];[]
adf6b55b-53c5-4951-8fe8-a6ed498ed6b0;SAC;المعلم المثالي للمراحل التأسيسية. لديك قلب رحيم، وخيال لابتكار وسائل تعليمية، ونظام لضبط الفصل والمنهج. تحب مساعدة الآخرين بطريقة منظمة وممتعة.;"[""التنظيم الإبداعي: القدرة على تنظيم الفعاليات والأنشطة الإبداعية بشكل احترافي"",""التواصل الفني: القدرة على التعبير عن الأفكار الفنية والتواصل مع الجمهور"",""إدارة المشاريع الثقافية: القدرة على إدارة وتنسيق المشاريع الفنية والثقافية"",""بناء العلاقات الاجتماعية: القدرة على بناء شبكة علاقات في المجال الفني والثقافي""]";"[""قد تواجه صعوبة في التعامل مع النقد والتقييم السلبي لأعمالك"",""قد تميل للحساسية المفرطة تجاه ردود فعل الآخرين"",""قد تحتاج لتطوير مهارات تقبل النقد البناء"",""قد تواجه صعوبة في الفصل بين النقد المهني والشخصي""]";"[""معلم صفوف أولية"",""أمين مكتبة أطفال"",""مدرب فنون وحرف"",""أخصائي نطق وتخاطب"",""منظم حفلات أطفال""]";"[""تربية الطفولة المبكرة"",""التربية الخاصة"",""علم النفس التربوي"",""علوم المكتبات"",""التربية الفنية""]";2025-12-09 22:33:00.882734+00;;[];[];[];[]
ebf8b3ec-c6fd-46f0-9fc7-2cfd56b94f78;SAE;شخصية إعلامية بامتياز. تحب الناس، ولديك موهبة في الكلام والتعبير، وطموح للوصول والقيادة. تتألق في الإعلام، العلاقات العامة، والتدريب.;"[""الإلهام والتحفيز: القدرة على إلهام الآخرين وتحفيزهم لتحقيق أفضل ما لديهم"",""الإبداع في القيادة: القدرة على قيادة الفرق بأساليب إبداعية ومبتكرة"",""التواصل العاطفي: القدرة على التواصل مع الآخرين على المستوى العاطفي والفكري"",""رؤية المستقبل: القدرة على تصور واستشراف الفرص والإمكانيات المستقبلية""]";"[""قد تميل للاهتمام بالمظهر والشكل على حساب الجوهر والمحتوى"",""قد تواجه صعوبة في التركيز على التفاصيل التقنية"",""قد تحتاج لتطوير مهارات التحليل العميق"",""قد تميل للتسرع في الحكم على الأمور""]";"[""مذيع ومقدم برامج"",""مدير علاقات عامة"",""صحفي"",""مدير تسويق ومحتوى"",""مدرب مهارات حياتية""]";"[""الإعلام والاتصال"",""التسويق"",""العلوم السياسية"",""علم النفس"",""الفنون المسرحية""]";2025-12-09 22:33:00.882734+00;;[];[];[];[]
b951a986-8c37-4271-8475-68be9fbc1c7a;RSA;تحب تعليم الناس مهارات يدوية أو فنية. تستمتع باستخدام يديك للإبداع، وتستمتع أكثر بمشاركة هذه المهارة مع الآخرين.;"[""الفهم التقني والاجتماعي: القدرة على الجمع بين المهارات التقنية والتواصل الاجتماعي"",""التدريب العملي: القدرة على تدريب الآخرين على المهارات التقنية والعملية"",""العمل الجماعي: القدرة على العمل بفعالية ضمن فرق متنوعة التخصصات"",""حل المشكلات التعاوني: القدرة على التعاون مع الآخرين لإيجاد حلول مبتكرة""]";"[""قد تواجه صعوبة في التنظيم الإداري وإدارة الوقت بفعالية"",""قد تميل للفوضى في ترتيب الأولويات"",""قد تحتاج لتطوير مهارات التخطيط والجدولة"",""قد تواجه صعوبة في الالتزام بالمواعيد النهائية""]";"[""معلم تربية فنية"",""مدرب مهني"",""أخصائي علاج وظيفي"",""صانع آلات موسيقية"",""مصمم حدائق""]";"[""التربية الفنية"",""العلاج الوظيفي"",""التربية المهنية"",""تصميم المناظر الطبيعية"",""فنون الطهي""]";2025-12-09 22:33:00.882734+00;;[];[];[];[]
8dad967d-99df-410a-b844-91f298b8b6b0;SCR;أنت الجندي المجهول الذي يخدم الناس بانتظام وعملية. تجد ذاتك في المهن الطبية المساندة والتعليم المهني حيث الأنظمة واضحة والهدف نبيل.;"[""الإدارة الاجتماعية: القدرة على إدارة الخدمات والبرامج الاجتماعية بكفاءة"",""التواصل المؤسسي: القدرة على التواصل الفعال ضمن المؤسسات والمنظمات"",""تنظيم الموارد البشرية: القدرة على تنظيم وإدارة الكوادر البشرية بشكل فعال"",""الالتزام بالسياسات: القدرة على فهم وتطبيق السياسات والإجراءات المؤسسية""]";"[""قد تميل للتركيز على الإجراءات وتهمل الجانب الإنساني"",""قد تواجه صعوبة في التعامل مع المواقف العاطفية المعقدة"",""قد تجد صعوبة في بناء علاقات شخصية عميقة في بيئة العمل"",""قد تحتاج لتطوير مهارات التعاطف والذكاء العاطفي""]";"[""مساعد طبيب أسنان"",""فني تمريض"",""مدرب مهني وتقني"",""مشرف خدمات غذائية"",""فني علاج طبيعي""]";"[""التمريض"",""مساعد طبيب"",""علوم الأغذية"",""العلاج الطبيعي"",""التربية الخاصة""]";2025-12-09 22:48:50.459082+00;;[];[];[];[]
5f8222f1-c72e-4308-8c4c-e0ff80942eb9;SER;قائد يحب الناس والعمل الميداني. مدرب رياضي، ضابط، أو مدير عمليات في قطاع خدمي. تحب رؤية النتائج الملموسة لعملك مع فريقك.;"[""القيادة الاجتماعية: القدرة على قيادة المجموعات والفرق نحو تحقيق أهداف اجتماعية"",""التأثير والإقناع: القدرة على التأثير في الآخرين وإقناعهم بالأفكار والمبادرات"",""بناء الشراكات: القدرة على إنشاء شراكات وتحالفات فعالة مع مختلف الجهات"",""إدارة العلاقات العامة: القدرة على تمثيل المؤسسات وبناء صورتها في المجتمع""]";"[""قد تميل للتسلط أحياناً مما قد يؤثر على علاقاتك مع الزملاء"",""قد تواجه صعوبة في تقبل الآراء المخالفة لرأيك"",""قد تحتاج لتطوير مهارات الاستماع والتعاون"",""قد تميل للسيطرة على الحوارات والنقاشات""]";"[""مدرب رياضي"",""ضابط شرطة"",""مسعف قيادي"",""مضيف طيران"",""مدير مبيعات""]";"[""العلوم الرياضية"",""العلوم العسكرية"",""السياحة والفندقة"",""التسويق"",""إدارة الطوارئ""]";2025-12-09 22:33:00.882734+00;;[];[];[];[]
f86cdf34-5660-4815-ad17-85ea856f27dd;CRA;شخصية نادرة تجمع بين نقيضين: الالتزام الصارم بالقواعد (Conventional) والحس الفني (Artistic)، مع رغبة في تطبيق ذلك يدوياً (Realistic). أنت الشخص الذي يصنع النماذج المعمارية الدقيقة أو يرمم الوثائق القديمة بحرفية عالية.;"[""الدقة الجمالية: القدرة على إنتاج أعمال فنية تتطلب دقة هندسية متناهية وليست عشوائية."",""التنفيذ العملي: تحويل التصاميم والرسومات من ورق إلى مجسمات واقعية ملموسة."",""التوثيق المنظم: القدرة على أرشفة وحفظ المواد الفنية أو التقنية بنظام صارم."",""الصبر والتركيز: القدرة على العمل لساعات طويلة على تفاصيل دقيقة جداً دون ملل.""]";"[""محدودية المرونة: صعوبة الخروج عن النص أو القواعد الموضوعة مسبقاً في العمل الفني."",""ضعف التواصل الاجتماعي: تفضيل التعامل مع الأدوات والبيانات على التعامل مع الجمهور."",""مقاومة التغيير: الانزعاج من تغيير أدوات العمل أو الإجراءات المعتادة."",""المثالية المعطلة: الإغراق في التفاصيل الدقيقة قد يؤخر تسليم المشروع في وقته.""]";"[""رسام خرائط (Cartographer)"",""فني ترميم وثائق ومخطوطات"",""صانع نماذج معمارية"",""مصمم جرافيك (مطبوعات وكتب)"",""فني صياغة مجوهرات""]";"[""نظم المعلومات الجغرافية"",""الآثار والمتاحف (قسم الترميم)"",""التصميم الجرافيكي"",""الهندسة المعمارية (دبلوم)"",""الفنون التطبيقية""]";2026-02-05 12:16:07.216909+00;;[];[];[];[]
7f29e208-a158-40a7-963c-9c33d4a80675;EIA;قائد ذكي ومبدع. تستخدم خيالك (Artistic) وعقلك التحليلي (Investigative) لابتكار مشاريع تجارية أو حلول إدارية جديدة ثم تقود فريقك لتنفيذها (Enterprising).;"[""الرؤية المستقبلية: القدرة على تخيل اتجاهات السوق المستقبلية قبل حدوثها."",""الإقناع المنطقي: استخدام البيانات والحقائق لسرد قصة مقنعة للمستثمرين أو العملاء."",""حل المشكلات المعقدة: دمج الإبداع مع التحليل للخروج بحلول غير تقليدية."",""الجرأة في الطرح: عدم التردد في طرح أفكار غريبة وجديدة وتجربتها.""]";"[""تجاهل التفاصيل الروتينية: الملل السريع من المهام الإدارية اليومية والتنفيذية."",""تقلب المزاج: الحماس الشديد للمشروع ثم فقدان الشغف فجأة."",""التعالي الفكري: قد تشعر بضيق من الأشخاص الذين لا يفهمون أفكارك بسرعة."",""المخاطرة العالية: الميل لاتخاذ قرارات استثمارية جريئة قد لا تكون محسوبة بدقة.""]";"[""مدير تسويق استراتيجي"",""رائد أعمال (Tech Startups)"",""مدير منتج (Product Manager)"",""مستشار إعلاني"",""مدير تطوير أعمال""]";"[""التسويق"",""إدارة الأعمال"",""نظم المعلومات الإدارية"",""الإعلام والاتصال"",""التصميم الصناعي""]";2026-02-05 12:16:07.216909+00;;[];[];[];[]
66a29241-d556-427d-ab46-ff19e37b1b1b;SIR;هذا هو الكود الكلاسيكي للمجالات الطبية التطبيقية. تحب مساعدة الناس (S)، وتستخدم العلم والتشخيص (I)، وتستخدم الأدوات والأجهزة لعلاجهم (R).;"[""الرعاية الصحية الشاملة: تقديم الدعم الطبي والعلاجي للمرضى مع مراعاة الجوانب النفسية والعلمية بدقة."",""الدقة العلمية: الاعتماد على الحقائق الطبية والأبحاث الموثقة في تحديد طرق العلاج المناسبة."",""المهارة التقنية في العلاج: القدرة على استخدام الأجهزة الطبية والأدوات الدقيقة ببراعة لخدمة المريض."",""الهدوء تحت الضغط: المحافظة على الثبات الانفعالي والتركيز العالي أثناء التعامل مع الحالات الحرجة.""]";"[""الإرهاق العاطفي والجسدي: الاستنزاف الناتج عن التعامل المستمر مع آلام الناس ومشاكلهم الصحية بشكل يومي."",""الانعزال الاجتماعي: الميل للانغلاق على الذات بعد ساعات العمل الطويلة للتعافي من ضغوط العمل."",""التأثر العاطفي بالفشل: الشعور بالذنب أو الحزن العميق عندما لا تتحسن حالة المريض رغم بذل الجهد."",""الروتين الإجرائي الممل: الشعور بالضيق من تكرار نفس الإجراءات الطبية أو الفنية يومياً دون تجديد.""]";"[""طبيب عام"",""أخصائي علاج طبيعي"",""ممرض طوارئ"",""فني مختبرات طبية"",""أخصائي بصريات""]";"[""الطب والجراحة"",""العلاج الطبيعي"",""التمريض"",""المختبرات الطبية"",""البصريات""]";2025-12-09 22:33:00.882734+00;;[];[];[];[]
50472f68-0b6c-43ec-a631-a9238421192f;AIE;تمتلك مزيجاً فريداً يجمع بين الخيال الإبداعي والقدرة التحليلية العميقة، مع دافع قوي لتحويل هذه الأفكار المبتكرة إلى مشاريع واقعية ومؤثرة.;"[""الابتكار الاستراتيجي: القدرة على ابتكار حلول جديدة ومبتكرة للمشكلات المعقدة"",""التواصل المؤثر: القدرة على صياغة الأفكار وتقديمها بطريقة مقنعة ومؤثرة"",""الاستقلالية الفكرية: القدرة على التفكير بشكل مستقل وتطوير أفكار أصيلة"",""الرؤية الشمولية: القدرة على رؤية الصورة الكاملة للمشاريع وربط عناصرها المختلفة""]";"[""قد تشعر بالملل من الروتين والمهام المتكررة مما يؤثر على إنتاجيتك"",""قد تواجه صعوبة في الالتزام بالمواعيد النهائية الصارمة"",""قد تميل للتشتت بين المشاريع المتعددة دون إكمالها"",""قد تحتاج لتطوير مهارات التنظيم والتخطيط المنهجي""]";"[""مدير إبداعي"",""مهندس معماري"",""مخطط استراتيجي"",""مصمم تجربة المستخدم"",""كاتب محتوى تسويقي""]";"[""هندسة العمارة"",""التصميم الجرافيكي والوسائط الرقمية"",""التسويق والإعلان"",""الإعلام والاتصال"",""تطوير المنتجات والابتكار""]";2025-12-09 22:33:00.882734+00;;[];[];[];[]
0505d275-3e6c-4373-8fe9-aa942409756a;AIR;تجمع بين الفن والعلم والواقع. لا تكتفي برسم لوحات جميلة، بل تصمم أشياء تعمل بدقة. عقلك يبحث عن الجمال ويفهم كيف تعمل الأشياء ويحب الأدوات الملموسة.;"[""التصور ثلاثي الأبعاد: القدرة على تخيل وتصميم المنتجات والمباني بشكل مجسم ودقيق"",""الجمع بين الجمال والوظيفية: القدرة على تصميم منتجات تجمع بين الشكل الجميل والاستخدام العملي"",""دقة الملاحظة: القدرة على ملاحظة التفاصيل التقنية الدقيقة وتحليلها بعناية"",""إتقان أدوات التصميم: القدرة على استخدام برامج وأدوات التصميم المعقدة بمهارة عالية""]";"[""قد تميل للتشتت بين الأفكار الإبداعية المتعددة"",""قد تواجه صعوبة في إنهاء المشاريع قبل البدء بمشاريع جديدة"",""قد تجد صعوبة في التعامل مع النقد الفني لأعمالك"",""قد تحتاج لتطوير مهارات التسويق الذاتي وعرض أعمالك""]";"[""مصمم صناعي"",""مهندس مناظر طبيعية"",""رسام تقني معماري"",""مطور ألعاب فيديو"",""أخصائي ترميم آثار""]";"[""التصميم الصناعي"",""العمارة"",""الجرافيك ديزاين"",""تطوير الألعاب"",""الفنون الرقمية""]";2025-12-09 22:33:00.882734+00;;[];[];[];[]
da1d42e3-fdec-47cb-a0d0-afb1f94a5f2f;ECA;قائد منظم ذو ذوق رفيع. تدير الأعمال التجارية بدقة ونظام ولكن في مجالات إبداعية. تجيد تحويل الفوضى الخلاقة إلى بزنس ناجح ومنظم.;"[""إدارة المشاريع الإبداعية: القدرة على إدارة المشاريع الفنية ضمن جدول زمني محدد"",""التسويق المنظم: القدرة على تخطيط وتنفيذ حملات تسويقية مدروسة ومنظمة"",""موازنة الجودة والميزانية: القدرة على تحقيق أعلى جودة فنية ضمن الميزانية المتاحة"",""الاهتمام بجودة العرض: القدرة على تقديم المشاريع بشكل احترافي وجذاب""]";"[""قد تميل لفرض قيود صارمة على الفريق الإبداعي مما قد يحد من حريتهم في التعبير والابتكار"",""قد تواجه تحدياً في الموازنة بين تحقيق الأرباح والحفاظ على الجودة الفنية والإبداعية"",""قد تشعر بمستوى عالٍ من التوتر والضغط النفسي في سعيك لتحقيق الكمال في كل التفاصيل"",""قد تميل للصرامة المفرطة في الالتزام بالمواعيد النهائية مما قد يؤثر على جودة العمل أحياناً""]";"[""مدير دار نشر"",""مدير معرض فني"",""مدير تسويق رقمي"",""مسؤول تنظيم معارض"",""منتج فني منفذ""]";"[""إدارة الأعمال تخصص تسويق"",""النشر الإلكتروني"",""إدارة الفنون والمتاحف"",""التجارة الإلكترونية"",""الصحافة والإعلام""]";2025-12-09 22:33:00.882734+00;;[];[];[];[]
3f6e8320-d464-4f8f-af8e-724aef3e734c;EIC;النمط الكلاسيكي للمدير الناجح في الشركات الكبرى. قائد (Enterprising) يعتمد على الأرقام (Investigative) والنظام (Conventional). قراراتك ليست عشوائية بل مبنية على دراسات جدوى دقيقة.;"[""القيادة المبنية على البيانات: اتخاذ القرارات الإدارية بناءً على إحصائيات دقيقة."",""التخطيط الهيكلي: وضع خطط عمل واضحة وتوزيع الأدوار بدقة متناهية."",""إدارة الميزانيات: الكفاءة العالية في ضبط النفقات وتعظيم الأرباح."",""الاستقرار الوظيفي: القدرة على خلق بيئة عمل مستقرة ومنظمة للفريق.""]";"[""جمود العاطفة: التعامل مع الموظفين كأرقام أو موارد إنتاجية فقط."",""مقاومة الإبداع الفوضوي: رفض الأفكار الجديدة إذا لم تكن مدعومة بأرقام واضحة."",""الحذر المبالغ فيه: التأخر في استغلال الفرص بسبب كثرة التحليل والتدقيق."",""التسلط الإداري: الميل لفرض الرأي الواحد وعدم تقبل النقاشات الطويلة.""]";"[""مدير مالي (CFO)"",""محلل استثمار"",""مدير عمليات (Operations Manager)"",""خبير اكتواري"",""مدير ضرائب""]";"[""المالية والمصرفية"",""الاقتصاد"",""المحاسبة"",""إدارة المخاطر"",""إدارة الأعمال""]";2026-02-05 12:16:07.216909+00;;[];[];[];[]
eff91fdf-5394-4dbf-a528-dec9f690c4ca;ERS;قائد لا يجلس خلف المكتب. تحب التواجد في الميدان (Realistic)، توجيه الفرق (Enterprising)، والتفاعل مع الناس (Social). أنت الشخص الذي يدير مواقع البناء، أو الفعاليات الرياضية الكبرى.;"[""القيادة الحازمة: القدرة على السيطرة على المواقع الميدانية وضبط النظام."",""التوجيه المباشر: مهارة توجيه العمال والموظفين أثناء العمل الفعلي."",""سرعة البديهة: حل المشاكل الطارئة في الموقع فور حدوثها."",""بناء الروح المعنوية: تحفيز الفريق للعمل بجد وإنجاز المهام الشاقة.""]";"[""الاندفاع والتهور: اتخاذ قرارات سريعة دون دراسة كافية للعواقب البعيدة."",""إهمال العمل الورقي: كره كتابة التقارير والتوثيق والعمل المكتبي."",""الخشونة في التعامل: قد يبدو أسلوبك حاداً أو هجومياً وقت الضغط."",""ضعف التخطيط الاستراتيجي: التركيز على (اليوم) وإهمال (السنة القادمة).""]";"[""مدير إنشاءات ومقاولات"",""مدير أمن وسلامة"",""مدير لوجستي (Supply Chain)"",""مدير صيانة وتشغيل"",""ضابط ميداني""]";"[""الهندسة المدنية"",""إدارة سلسلة الإمداد"",""العلوم العسكرية"",""إدارة المرافق"",""الصحة والسلامة المهنية""]";2026-02-05 12:16:07.216909+00;;[];[];[];[]
ba747ede-28e6-4753-b93b-55d180eea982;ESR;شخصية قيادية محبوبة. توجه طموحك (Enterprising) لخدمة الناس (Social) من خلال إجراءات عملية (Realistic). تبرز في قطاعات الخدمات، الضيافة، والبيع بالتجزئة.;"[""الذكاء الاجتماعي التجاري: القدرة على بيع الخدمات والمنتجات بأسلوب ودود."",""إدارة فرق الخدمة: مهارة عالية في تدريب وإدارة موظفي الواجهة الأمامية."",""التواجد الفعال: التفاعل المستمر مع العملاء والموظفين وعدم الانعزال."",""الحل العملي للشكاوى: القدرة على إرضاء العميل الغاضب بحلول فورية.""]";"[""المبالغة في الوعود: قطع وعود للعملاء قد يصعب تنفيذها عملياً."",""تجنب التحليل العميق: الاعتماد على الكلام والمهارات الشخصية بدلاً من الأرقام."",""التأثر بآراء الناس: تغيير القرارات الإدارية إرضاءً للأصوات العالية."",""الفوضى التنظيمية: التركيز على النتائج النهائية وإهمال ترتيب الإجراءات.""]";"[""مدير فندق أو منتجع"",""مدير متجر تجزئة كبير"",""منظم رحلات سياحية"",""مدير مبيعات عقارية"",""مشرف طاقم طيران""]";"[""إدارة الفنادق والسياحة"",""التسويق"",""إدارة الأعمال"",""العلاقات العامة"",""علوم الرياضة""]";2026-02-05 12:16:07.216909+00;;[];[];[];[]
3e0cc202-bdd8-4533-821f-f72867688533;IAE;المفكر المبدع الذي يستطيع تسويق أفكاره. تستخدم البحث (I) والإبداع (A) للخروج بابتكارات، ولديك المهارة (E) لإقناع العالم بها. هذا كود المبتكرين ورواد الأعمال التقنيين.;"[""الابتكار المنهجي: القدرة على تحويل النظريات المجردة إلى مفاهيم إبداعية جديدة."",""استشراف المستقبل: مهارة التنبؤ بالاحتياجات المستقبلية وتصميم حلول لها."",""التعبير البليغ: القدرة على كتابة وشرح الأفكار المعقدة بأسلوب جذاب."",""الاستقلالية الذهنية: الثقة في المسارات الفكرية الخاصة وعدم تقليد الآخرين.""]";"[""صعوبة التنفيذ: الاستمتاع بتوليد الأفكار أكثر من تحويلها لواقع ملموس."",""الانعزال الاجتماعي: الميل للانغماس في عالم الأفكار وتجاهل العلاقات الشخصية."",""النقد اللاذع: الحكم القاسي على أفكار الآخرين إذا لم تكن ذكية بما يكفي."",""عدم الاستقرار: التنقل السريع من مشروع لآخر دون إكمال السابق.""]";"[""كاتب محتوى علمي/تقني"",""مهندس برمجيات (R&D)"",""محلل سياسات عامة"",""مصمم تجربة مستخدم (UX Researcher)"",""مستشار استراتيجي""]";"[""علوم الحاسب"",""العلوم السياسية"",""الصحافة والإعلام"",""علم النفس المعرفي"",""الهندسة المعمارية""]";2026-02-05 12:16:07.216909+00;;[];[];[];[]
13dad871-01cc-4e91-9831-6f10017fd976;ICS;تحب مساعدة الناس (S) ولكن من خلف الكواليس، باستخدام العلم (I) والنظام (C). تجد متعة في تحليل البيانات الطبية، أو الأبحاث الاجتماعية، لضمان دقة النتائج وسلامة المجتمع.;"[""التحليل الدقيق للبيانات: القدرة على استخراج النتائج من جداول وأرقام معقدة."",""النزاهة العلمية: الالتزام التام بالمعايير الأخلاقية والمهنية في البحث."",""التنظيم المنهجي: ترتيب المعلومات بطريقة تسهل على الآخرين الاستفادة منها."",""الهدوء والتركيز: القدرة على العمل في بيئات هادئة تتطلب تركيزاً عالياً.""]";"[""الخوف من المواجهة: تجنب الصراعات المباشرة أو الأدوار القيادية العامة."",""البطء في اتخاذ القرار: الحاجة لوقت طويل للتأكد من كل التفاصيل قبل التحرك."",""مقاومة المخاطرة: تفضيل الطرق التقليدية الآمنة وعدم تجربة الجديد."",""الصرامة الزائدة: التعامل بحرفية القوانين دون مراعاة الظروف الاستثنائية.""]";"[""فني سجلات طبية"",""محلل إحصائي"",""صيدلي (Hospital Pharmacy)"",""فني مختبرات جودة"",""باحث في علم الأوبئة""]";"[""الإحصاء"",""المعلوماتية الصحية"",""الصيدلة"",""علوم المختبرات"",""علم الاجتماع""]";2026-02-05 12:16:07.216909+00;;[];[];[];[]
f31ee5b2-0c52-4af3-b0d0-26d86bd8cd8d;IEC;عقلية تجمع بين العلم (I) والبزنس (E) والدقة (C). أنت لست مجرد إداري، بل خبير يستخدم الأرقام والتحليل لرسم سياسات واستراتيجيات محكمة تضمن النجاح.;"[""التفكير الاستراتيجي المنظم: وضع خطط طويلة المدى مبنية على تحليل واقعي."",""التقييم المالي الدقيق: القدرة على حساب المخاطر والأرباح بدقة متناهية."",""إدارة المشاريع المعقدة: السيطرة على المشاريع ذات التفاصيل الكثيرة والمتشعبة."",""الموضوعية التامة: فصل المشاعر عن قرارات العمل والاعتماد على المنطق.""]";"[""نقص المرونة العاطفية: صعوبة تفهم المشاكل الشخصية للموظفين أو الزملاء."",""الهوس بالسيطرة: الرغبة في مراجعة كل صغيرة وكبيرة بنفسك."",""التوتر العالي: القلق المستمر من وقوع أخطاء أو فشل الخطط."",""قلة الإبداع الفني: التركيز على الكفاءة الوظيفية وإهمال الجوانب الجمالية.""]";"[""خبير اقتصادي"",""محلل مالي"",""مدير تخطيط استراتيجي"",""مدير أمن سيبراني (إداري)"",""مدقق حسابات خارجي""]";"[""الاقتصاد"",""العلوم المالية"",""الرياضيات الاكتوارية"",""نظم المعلومات الإدارية"",""القانون التجاري""]";2026-02-05 12:17:10.922966+00;;[];[];[];[]
943618b7-e835-49e1-be89-aeb13c0de845;IES;تستخدم عقلك (I) وقوتك القيادية (E) لحل مشاكل المجتمع (S). هذا النمط يناسب قادة الفكر، والمخططين التربويين، والذين يسعون لإحداث تغيير منهجي ومدروس في بيئاتهم.;"[""القدرة على التأثير الفكري: إقناع الآخرين بالأفكار والتوجهات الجديدة."",""تشخيص المشكلات المؤسسية: تحديد نقاط الخلل في المنظمات واقتراح الحلول."",""الخطابة والعرض: تقديم المعلومات المعقدة للجمهور بأسلوب شيق."",""القيادة التحويلية: القدرة على نقل المؤسسة من وضع إلى وضع أفضل.""]";"[""التنظير المفرط: قضاء وقت طويل في التخطيط والكلام دون تطبيق عملي."",""نفاد الصبر: الانزعاج من الأشخاص الذين لا يجارون سرعة تفكيرك."",""الصراع على السلطة: الرغبة الدائمة في أن تكون صاحب القرار الأول."",""إهمال التفاصيل التنفيذية: ترك التفاصيل الصغيرة والمملة للآخرين.""]";"[""مدير جامعة أو كلية"",""مستشار قانوني"",""خبير علاقات دولية"",""مدير منظمة بيئية"",""صحفي استقصائي""]";"[""القانون"",""العلوم السياسية"",""الإدارة التربوية"",""علم النفس"",""الصحافة""]";2026-02-05 12:17:10.922966+00;;[];[];[];[]
edb7b2ea-3866-4c63-b16f-4222e56bd274;AES;هذه الشخصية تشير إلى شخص يمتلك إبداعًا فنيًا، وروحًا ريادية، ومهارات اجتماعية قوية. لديك القدرة على الابتكار وقيادة المشاريع، بالإضافة إلى التواصل الفعّال مع الآخرين. تفضل العمل في بيئات ديناميكية ومليئة بالتحديات حيث يمكنك استخدام مهاراتك الفنية والاجتماعية لتحقيق أهداف ريادية.;"[""الإبداع والابتكار: القدرة على التفكير خارج الصندوق وتقديم أفكار جديدة ومبتكرة"",""القيادة والمبادرة: القدرة على قيادة المشاريع واتخاذ المبادرات لتحقيق النجاح"",""التواصل الاجتماعي: مهارات تواصل فعّالة تساعد في بناء علاقات قوية مع الآخرين"",""التأثير والإقناع: القدرة على التأثير في الآخرين وإقناعهم بالأفكار الجديدة""]";"[""قد تواجه صعوبة في التفاصيل التقنية وتحتاج إلى تحسين مهاراتك في المجالات التحليلية"",""قد تواجه تحديات وفشل في بعض المشاريع مما يتطلب المرونة والصبر"",""قد يؤثر الحماس والاندفاع لتحقيق الأهداف الريادية على توازن حياتك الشخصية والمهنية"",""قد تميل للتركيز على الصورة الكبيرة وتهمل بعض التفاصيل المهمة""]";"[""مدير تسويق إبداعي"",""مدير مشروع في الفنون"",""مصمم إعلانات"",""منسق فعاليات"",""مدرب تطوير شخصي"",""كاتب محتوى إبداعي""]";"[""إدارة الأعمال"",""الفنون الجميلة"",""التسويق والإعلان"",""إدارة الفعاليات"",""التنمية البشرية""]";2025-12-04 13:31:29.37474+00;;[];[];[];[]
fe8a8e92-53ae-4f4a-a14a-0cfbe813960f;IRE;عالم ومخترع يحب البزنس. تفهم التكنولوجيا بعمق (I/R) وتعرف كيف تحولها إلى فلوس (E). هذا هو كود مؤسسي شركات التقنية والهندسة.;"[""تطوير المنتجات التقنية: القدرة على ابتكار وتطوير أجهزة أو برامج جديدة."",""حل المشكلات الهندسية: التعامل مع التحديات التقنية المعقدة ببراعة."",""تقييم الجدوى التقنية: معرفة ما هو ممكن تنفيذه وما هو خيال علمي."",""الاستقلالية والاعتماد على الذات: القدرة على العمل بمفردك أو قيادة فريق صغير.""]";"[""ضعف الذكاء الاجتماعي: قد تجد صعوبة في المجاملات الاجتماعية وبناء العلاقات."",""التركيز التقني البحت: نسيان الجوانب التسويقية والإدارية للمشروع."",""العناد الفكري: التمسك بالرأي الفني الشخصي ورفض الآراء الأخرى."",""صعوبة التفويض: الاعتقاد بأنه لا أحد يستطيع إنجاز العمل مثلك.""]";"[""مهندس برمجيات (Tech Lead)"",""مهندس ميكانيكي (R&D)"",""مدير مشاريع هندسية"",""جيولوجي بترول"",""مطور طاقة متجددة""]";"[""الهندسة (بأنواعها)"",""علوم الحاسب"",""الجيوفيزياء"",""إدارة التكنولوجيا"",""الذكاء الاصطناعي""]";2026-02-05 12:17:10.922966+00;;[];[];[];[]
55d28369-5dd6-48c2-92ec-cfac145f7b9e;CSI;توجد في هذه الشخصية ميزة تجمع بين القدرة على الاستكشاف والتحليل، والقدرة على التواصل والعمل الاجتماعي، مع التفضيل للأنشطة التي تتطلب التنظيم والبنية القائمة. إنها مزيج فريد يجمع بين الفضول الفكري والتواصل الاجتماعي والدقة التنظيمية.;"[""الاستقصاء والتحليل: القدرة على جمع المعلومات وتحليلها بشكل دقيق لفهم الأمور بعمق"",""التواصل الاجتماعي: القدرة على بناء العلاقات والتواصل مع الآخرين بشكل فعّال"",""التنظيم والهيكلة: القدرة على العمل ضمن الهياكل والبنى الموجودة بشكل منظم ومنتظم"",""الموثوقية: القدرة على الالتزام بالمواعيد والوفاء بالتعهدات""]";"[""قد تواجه صعوبة في التوازن بين القيم الاجتماعية والاستقصائية والتقليدية"",""قد يعيق الاهتمام بالعمل الاجتماعي قدرتك على التركيز بشكل كافٍ على الاستقصاء والتحليل"",""قد تواجه صعوبة في التكيف مع البيئات التي تتطلب المرونة والتغيير السريع"",""قد تميل للتمسك بالإجراءات المعتادة حتى عندما تحتاج لتغييرها""]";"[""أخصائي الصحة العامة"",""مختص في التسويق الإجتماعي"",""محلل السياسات العامة"",""علم النفس المدرسي"",""العمل التطوعي""]";"[""إدارة شؤون الموظفين"",""تحليل البيانات والإحصاء"",""التخطيط العمراني"",""العلوم السياسية"",""التعليم الأساسي – التعليم المتوسط"",""علم الإجتماع""]";2025-12-04 13:31:29.37474+00;;[];[];[];[]
a68441e3-ec40-42bf-8947-7b7d7df4d8c4;RAS;تحب العمل بيديك (Realistic) بطريقة فنية (Artistic) وتعليم ذلك للآخرين (Social). أنت النجار المبدع الذي يدرب الطلاب، أو الشيف الذي يعلم فنون الطهي.;"[""المهارة اليدوية الفنية: إتقان الحرف التي تتطلب ذوقاً ودقة."",""الصبر في التعليم: القدرة على تبسيط المهارات اليدوية للمبتدئين."",""الإبداع التطبيقي: ابتكار قطع فنية لها استخدام عملي ومفيد."",""بناء بيئة مريحة: خلق جو من الود والتعاون أثناء العمل أو التدريب.""]";"[""ضعف التخطيط الإداري: الفوضى في إدارة المواعيد والأوراق الرسمية."",""تجنب المنافسة الشرسة: تفضيل العمل الهادئ بعيداً عن صراعات الشركات."",""الحساسية للنقد: التأثر السريع بأي نقد يوجه لعملك الفني."",""محدودية الطموح المادي: التركيز على متعة العمل أكثر من الربح المادي.""]";"[""معلم تربية مهنية"",""مدرب فنون طهي"",""أخصائي علاج بالعمل/الفن"",""منسق زهور ومناسبات"",""مصمم أزياء (خياطة وتفصيل)""]";"[""التربية الفنية"",""الاقتصاد المنزلي"",""العلاج الوظيفي"",""فنون الطهي"",""التصميم الداخلي""]";2026-02-05 12:17:10.922966+00;;[];[];[];[]
034a38d6-3a68-45c8-89dd-43bc776f08c7;RIE;تركز على الجانب العملي والتقني (R & I) مع حس قيادي (E). تختلف عن IRE بأنك أكثر ميلاً للعمل اليدوي والتطبيق المباشر من البحث النظري.;"[""التنفيذ التقني المباشر: القدرة على تشغيل وإصلاح الأنظمة المعقدة بنفسك."",""القيادة الفنية: إدارة الفرق الفنية في المصانع أو ورش العمل."",""تحسين العمليات: اكتشاف طرق لزيادة الكفاءة والإنتاجية في العمل."",""الواقعية الشديدة: التعامل مع الحقائق والأرقام الملموسة فقط.""]";"[""قلة الصبر على التنظير: الانزعاج من الاجتماعات الطويلة والنقاشات الفلسفية."",""الأسلوب الجاف: التعامل بصرامة ومباشرة قد تجرح مشاعر الآخرين."",""محدودية الخيال الإبداعي: تفضيل الحلول المجربة على الابتكار الجذري."",""إهمال الجانب الإنساني: التركيز على الآلة والإنتاج أكثر من راحة الموظف.""]";"[""مدير مصنع"",""مهندس تشغيل وصيانة"",""مطور عقاري (جانب إنشائي)"",""مدير شبكات حاسوب"",""طيار مدني""]";"[""الهندسة الميكانيكية"",""الهندسة الكهربائية"",""تقنية الشبكات"",""علوم الطيران"",""هندسة البترول""]";2026-02-05 12:17:10.922966+00;;[];[];[];[]
8d69474a-c65c-4a24-9a32-b86d15e3e032;RSC;شخصية يعتمد عليها تماماً. تعمل بيدك (R) لمساعدة الناس (S) وفق إجراءات صارمة (C). أنت العمود الفقري للخدمات الطبية والطارئة.;"[""الاستجابة السريعة والمنظمة: التصرف الصحيح في حالات الطوارئ وفق البروتوكول."",""التعاون والعمل الجماعي: القدرة على العمل بسلاسة ضمن فريق كبير."",""الالتزام بالمعايير: الحرص الشديد على النظافة والتعقيم والسلامة."",""تحمل ضغوط العمل: القدرة على أداء مهام روتينية وشاقة دون تذمر.""]";"[""الخوف من اتخاذ القرار: الاعتماد الدائم على تعليمات المشرف أو الدليل."",""مقاومة التغيير: التوتر عند تغيير الأنظمة أو الأجهزة المستخدمة."",""انعدام الرغبة في القيادة: تفضيل البقاء كعضو فريق وليس قائداً."",""جمود التفكير: صعوبة إيجاد حلول بديلة عند فشل الطريقة المعتادة.""]";"[""ممرض طوارئ"",""فني أشعة"",""مساعد طبيب أسنان"",""رجل إطفاء"",""فني تعقيم""]";"[""التمريض"",""الخدمات الطبية الطارئة"",""تكنولوجيا الأشعة"",""علوم السلامة"",""مساعد طبي""]";2026-02-05 12:17:10.922966+00;;[];[];[];[]
1b187ff7-007f-4daf-a400-21b57b2c6e7e;SIC;تحب مساعدة الناس ولكن بطريقة علمية ومنظمة. لا تميل للعمل العشوائي، بل تفضل دراسة الحالات، وجمع البيانات، وتقديم حلول مدروسة بدقة.;"[""التشخيص الدقيق للمشاكل: القدرة على تحليل سلوكيات الأفراد أو البيانات الاجتماعية للوصول إلى جذور المشكلة وعلاجها."",""الاستماع التحليلي: مهارة الإنصات العميق للآخرين ليس فقط للتعاطف، بل لجمع المعلومات الدقيقة وفهم السياق."",""التنظيم والتوثيق: براعة في ترتيب ملفات الحالات وكتابة التقارير الدورية بأسلوب منهجي ومرتب."",""الموضوعية في التعامل: القدرة على فصل المشاعر الشخصية عن الحقائق المهنية لتقديم نصيحة عادلة وصحيحة.""]";"[""البطء في اتخاذ القرار: الحاجة المستمرة للتحليل وجمع المزيد من البيانات قد تؤخر عملية الحسم في الأوقات الحرجة."",""تجنب المواجهة: الميل للانسحاب من النقاشات الحادة أو الصراعات الشخصية مما قد يضعف موقفك القيادي."",""الخوف من المخاطرة: تفضيل المسارات الآمنة والمجربة مسبقاً يمنعك من اغتنام فرص جديدة ومبتكرة."",""الجدية الزائدة: التركيز الشديد على العمل والمنطق قد يجعلك تبدو صارماً أو قليل المرونة اجتماعياً.""]";"[""أخصائي نفسي مدرسي"",""باحث ديموغرافيا"",""مستشار توجيه مهني"",""أخصائي تغذية"",""ممرض صحة عامة""]";"[""علم النفس"",""علم الاجتماع"",""التغذية العلاجية"",""التمريض"",""الإحصاء""]";2025-12-09 22:33:00.882734+00;;[];[];[];[]
25972ca5-a126-4b04-b19f-7efd422c88b9;EIS;تمتلك مهارة الإقناع، وعمق التفكير، وحب الناس. هذه التوليفة تجعل منك مستشاراً مثالياً أو محامياً بارعاً يستطيع فهم المشكلة وتحليلها ثم إقناع الآخرين بالحل.;"[""القدرة الريادية: الميل للقيادة وإدارة المشاريع واتخاذ المبادرات لتحقيق الأهداف الكبيرة"",""التفكير التحليلي: القدرة على تحليل المعلومات واتخاذ قرارات مبنية على البيانات"",""المهارات الاجتماعية: القدرة على بناء العلاقات والتواصل مع الآخرين بشكل فعّال"",""حل المشكلات: القدرة على تحديد المشكلات وإيجاد حلول مبتكرة""]";"[""قد تواجه صعوبة في التوازن بين الطموحات الريادية والتحليل العميق"",""قد تحتاج إلى تطوير الصبر عند التعامل مع المشاريع طويلة المدى"",""قد تميل للتركيز على الجوانب الاستراتيجية على حساب التفاصيل التشغيلية"",""قد تجد صعوبة في التكيف مع البيئات البطيئة التغيير""]";"[""محامي"",""مستشار إداري"",""مدير تسويق استراتيجي"",""محلل سياسي"",""أخصائي تطوير مؤسسي""]";"[""القانون"",""العلوم السياسية"",""التسويق"",""علم النفس التنظيمي"",""إدارة الأعمال""]";2025-12-09 22:33:00.882734+00;;[];[];[];[]
a861f005-1b92-4b05-850c-6efd30a355a5;SEI;تجمع بين حب المساعدة، والقدرة الإدارية، والتفكير العلمي. هذا المزيج يجعلك مثالياً لإدارة المؤسسات التي تقدم خدمات معقدة مثل المستشفيات أو الجامعات.;"[""المهارات الاجتماعية: القدرة على بناء العلاقات والتواصل مع الآخرين بشكل فعّال"",""القدرة الريادية: الميل للقيادة واتخاذ المبادرات لتحقيق الأهداف"",""التفكير التحليلي: القدرة على تحليل المواقف واتخاذ قرارات مدروسة"",""التأثير الإيجابي: القدرة على تحفيز الآخرين وقيادتهم نحو النجاح""]";"[""قد تواجه صعوبة في التوازن بين الاحتياجات الاجتماعية والطموحات القيادية"",""قد تحتاج إلى تطوير الصبر عند التعامل مع التفاصيل الدقيقة"",""قد تميل للتأثر بآراء الآخرين مما قد يؤثر على قراراتك"",""قد تجد صعوبة في العمل بمفردك لفترات طويلة""]";"[""مدير مستشفى"",""عميد كلية"",""مستشار موارد بشرية"",""مخطط حضري"",""مدير برامج تنموية""]";"[""إدارة الخدمات الصحية"",""الإدارة العامة"",""التخطيط الحضري"",""علم النفس التنظيمي"",""التربية""]";2025-12-09 22:33:00.882734+00;;[];[];[];[]
96ec4d4a-52ae-421b-8db4-a76199bdfa0f;SIE;تستخدم العلم والبحث لمساعدة الناس وتطوير المؤسسات. لديك عقلية تحليلية وروح اجتماعية وطموح للقيادة والتأثير.;"[""المهارات الاجتماعية: القدرة على بناء العلاقات والتواصل مع الآخرين بشكل فعّال"",""التفكير التحليلي: القدرة على تحليل المعلومات واتخاذ قرارات مبنية على البيانات"",""القدرة الريادية: الميل للقيادة واتخاذ المبادرات لتحقيق الأهداف"",""التعاطف مع الآخرين: القدرة على فهم احتياجات الآخرين والتعامل معهم بحساسية""]";"[""قد تواجه صعوبة في التوازن بين الاحتياجات الاجتماعية والتحليل العميق"",""قد تحتاج إلى تطوير مهارات التنظيم والإدارة التفصيلية"",""قد تميل للتأثر بمشاعر الآخرين مما قد يؤثر على قراراتك"",""قد تجد صعوبة في التعامل مع المواقف التي تتطلب حسمًا سريعًا""]";"[""طبيب استشاري"",""أستاذ جامعي"",""خبير تطوير مناهج"",""مدير تخطيط استراتيجي"",""كاتب في العلوم الاجتماعية""]";"[""الطب"",""التعليم العالي"",""إدارة الأعمال"",""علم الاجتماع"",""الاقتصاد""]";2025-12-09 22:33:00.882734+00;;[];[];[];[]
a01bd793-274d-43f0-bfe4-faf7036d7b4f;EAS;شخصية كاريزمية تجمع بين الطموح القيادي والحس الإبداعي وحب الناس. أنت بارع في بيع الأفكار، التسويق، وصناعة المحتوى الذي يؤثر في الجمهور.;"[""القدرة الريادية: الميل للقيادة وإدارة المشاريع واتخاذ المبادرات لتحقيق الأهداف"",""الإبداع والابتكار: القدرة على التفكير بطرق جديدة ومبتكرة"",""المهارات الاجتماعية: القدرة على بناء العلاقات والتواصل مع الآخرين"",""التأثير والإقناع: القدرة على التأثير في الآخرين وإقناعهم بالأفكار""]";"[""قد تواجه صعوبة في التوازن بين الطموحات الريادية والتعبير الفني"",""قد تحتاج إلى تطوير مهارات التخطيط التفصيلي والمتابعة"",""قد تميل للاندفاع في المشاريع الجديدة قبل إتمام الحالية"",""قد تجد صعوبة في التعامل مع الروتين اليومي""]";"[""مدير إعلانات"",""مدير علامة تجارية"",""منتج برامج تلفزيونية"",""مؤثر في وسائل التواصل الاجتماعي"",""مدير حملات انتخابية""]";"[""التسويق"",""الإعلام الرقمي"",""الاتصال الجماهيري"",""العلاقات العامة"",""المسرح والفنون الأدائية""]";2025-12-09 22:33:00.882734+00;;[];[];[];[]
ba1f6159-6616-4f2a-9dc9-d6bb0edfbc27;IAC;يوحي هذا المزيج بشخص يتمتع بقدرة تحليلية لاستكشاف الأفكار والمشكلات المعقدة مع وجود جانب إبداعي ورغبة في العمل ضمن بيئات منظمة. يمكنك النجاح في الأدوار التي تتطلب الإبداع والدقة، مثل العمل البحثي أو التصميم في الصناعات القائمة.;"[""الاستقصاء والتحليل: القدرة على البحث والتحليل بدقة لفهم المفاهيم والأفكار بشكل شامل"",""الإبداع والفن: القدرة على التعبير عن الأفكار والمشاعر بشكل إبداعي وفني"",""التفكير التقليدي: القدرة على التخطيط وتنظيم الأنشطة بشكل دقيق وفقًا للمعايير والقواعد"",""الانتباه للتفاصيل: القدرة على ملاحظة التفاصيل الدقيقة وتحليلها بعمق""]";"[""قد تميل للتحليل المفرط مما قد يؤخر اتخاذ القرارات العملية"",""قد تواجه صعوبة في التعبير عن مشاعرك بشكل واضح للآخرين"",""قد تجد صعوبة في العمل ضمن بيئات تفتقر للحرية الإبداعية"",""قد تحتاج لتطوير مهارات التواصل الاجتماعي في المواقف الرسمية""]";"[""مصمم تجربة المستخدم"",""محاسب / محلل السوق"",""أمين الأرشيف والمحفوظات"",""عالم بيئي"",""أخصائي أمن تكنلوجيا المعلومات""]";"[""تحليل السوق"",""علم الأرشفة والمكتبات"",""مناهج البحث العلمي"",""علوم الكمبيوتر"",""المحاسبة""]";2025-12-04 13:31:29.37474+00;;[];[];[];[]
532e87c4-f00f-4acd-b27d-61abcbed9f00;IRS;هذه الشخصية تجمع بين الفضول والعمل العملي، مع التواصل والتفاعل الاجتماعي. هذه الخصائص تعني أن الشخص الذي يظهر هذه الخصائص قد يكون ميالًا للتفكير العميق والتحليل والعمل اليدوي، بالإضافة إلى قدرته على التفاعل الاجتماعي وبناء العلاقات.;"[""التفكير التحليلي: القدرة على فحص المشاكل بعمق وفهمها"",""القدرة على العمل العملي: المهارات اليدوية والعملية التي تجعلهم قادرين على التعامل مع التحديات العملية"",""المهارات الاجتماعية: القدرة على التفاعل مع الآخرين وبناء العلاقات الاجتماعية بسهولة"",""حل المشكلات: القدرة على تحديد المشكلات وإيجاد حلول عملية ومدروسة""]";"[""قد تميل للتركيز على الجوانب التقنية وتهمل الجوانب الإنسانية"",""قد تواجه صعوبة في شرح الأفكار المعقدة بلغة بسيطة للآخرين"",""قد تجد صعوبة في العمل ضمن فرق تفتقر للكفاءة التقنية"",""قد تحتاج لتطوير مهارات القيادة وإدارة الفرق متعددة التخصصات""]";"[""مهندس ميكانيكي"",""طب الأسنان"",""طب الأطفال"",""مدرب مهني"",""التخدير والإنعاش""]";"[""الهندسة الميكانيكية"",""الطب (عام – أسنان - أطفال)"",""طب التخدير والإنعاش"",""التدريب المهني"",""علم النفس""]";2025-12-04 13:31:29.37474+00;;[];[];[];[]
5d0d2302-a418-483e-8c74-a71a6f50196c;ICE;هذه الشخصية تجمع بين الفضول والقدرة على التحليل، مع القدرة على التعامل مع الأنشطة المنظمة والمهنية، والقدرة على تحقيق الأهداف وتحدي القيود.;"[""الفضول والتحليل: القدرة على استكشاف وفهم المفاهيم المعقدة وتحليل البيانات"",""التنظيم والمهنية: القدرة على إدارة الوقت والموارد بشكل فعّال وتنظيم الأنشطة بطريقة منظمة"",""الطموح والريادة: القدرة على تحدي القيود وتحقيق الأهداف والمضي قدمًا في تحقيق النجاح المهني"",""التخطيط الاستراتيجي: القدرة على وضع خطط طويلة المدى وتنفيذها بمنهجية""]";"[""قد تميل للطموح المفرط مما قد يسبب ضغطاً نفسياً عليك"",""قد تواجه صعوبة في قبول النقد البناء من الآخرين"",""قد تجد صعوبة في التراجع عن قرارات اتخذتها حتى لو ثبت خطؤها"",""قد تحتاج لتطوير مهارات الاستماع الفعال للآخرين""]";"[""محلل بيانات واستراتيجيات"",""هندسة اتصالات"",""الإحصاء"",""الطب العام"",""هندسة تقنيات طبية""]";"[""الرياضيات"",""إدارة نظم الكمبيوتر والشبكات"",""الإحصاء"",""علوم البيانات"",""إدارة الأعمال""]";2025-12-04 13:31:29.37474+00;;[];[];[];[]
759de6cf-1320-462d-a16a-8677f0d84587;RIA;هذه الشخصية تشير إلى التوازن بين القدرات العملية والتحليلية والإبداعية. من المحتمل أنك مهتم بالعمل بكلتا يديك ورأسك بينما لديك أيضًا رغبة في الاستكشاف والإبداع. تمزج بين العمل العملي والفضول والإبداع.;"[""العمل العملي: قدرة على التعامل مع المهام العملية وتنفيذها بشكل متميز"",""التفكير التحليلي: القدرة على استكشاف وتحليل المشاكل بطريقة منهجية ودقيقة"",""الإبداع والتعبير الفني: القدرة على التعبير عن الأفكار والمشاعر من خلال الفن والتصميم"",""التفكير المتكامل: القدرة على الجمع بين المهارات العملية والتحليلية والإبداعية""]";"[""قد تميل للمثالية المفرطة مما قد يؤخر إنجاز المشاريع"",""قد تواجه صعوبة في التعامل مع الأعمال الروتينية المتكررة"",""قد تجد صعوبة في العمل ضمن بيئات صارمة القواعد والإجراءات"",""قد تحتاج لتطوير مهارات إدارة الوقت والأولويات بشكل أفضل""]";"[""مصمم ويب / جرافيك"",""مهندس معماري"",""مهندس المناظر الطبيعية"",""مهندس مدني"",""محلل أبحاث السوق""]";"[""التصميم الصناعي"",""الهندسة المعمارية"",""هندسة بيئية"",""تكنولوجيا البناء"",""العلوم الإجتماعية""]";2025-12-04 13:31:29.37474+00;;[];[];[];[]
3a3ad77a-3222-49c9-9fb8-9d002459af59;REI;"مزيج ""REI"" يعكس شخصية تجمع بين العمل العملي، التفكير الريادي، والتحليل العلمي. هذا المزيج يشير إلى شخص يتمتع بالقدرة على التعامل مع المهام التنفيذية بشكل فعال، التفكير بشكل ابتكاري لتحقيق الأهداف، والقدرة على التحليل العميق وحل المشكلات.";"[""التفكير التحليلي: القدرة على التفكير النقدي وحل المشاكل بشكل منهجي وعلمي"",""العمل العملي: القدرة على التعامل مع المهام التنفيذية والمشاريع العملية بكفاءة"",""القدرة الريادية: الميل للقيادة وإدارة المشاريع واتخاذ المبادرات لتحقيق الأهداف الكبيرة"",""الابتكار التقني: القدرة على تطوير حلول تقنية مبتكرة للمشكلات""]";"[""قد تميل للتركيز على النتائج وتهمل العلاقات مع فريق العمل"",""قد تواجه صعوبة في التعامل مع المواقف التي تتطلب دبلوماسية"",""قد تجد صعوبة في تقبل الآراء المختلفة عن رأيك"",""قد تحتاج لتطوير مهارات الذكاء العاطفي في بيئة العمل""]";"[""مدير مشاريع تقنية"",""مستشار إداري"",""كابتن طائرة"",""مستشار تطوير أعمال"",""مهندس برمجيات""]";"[""إدارة الأعمال"",""التسويق"",""هندسة الطيران"",""علم النفس"",""إدارة المشاريع""]";2025-12-04 13:31:29.37474+00;;[];[];[];[]
085e8d5f-780b-4603-810f-9998e52c60b8;RIS;"الأفراد الذين يتمتعون بشخصية ""RIS"" هم غالبًا محللون ومفكرون نقديون، لكنهم يتميزون أيضًا بقدرتهم على التواصل والتفاعل مع الآخرين بشكل فعال. يمكن لهؤلاء الأفراد أن يبرعوا في المجالات التي تتطلب التحليل العميق والفهم الشامل للمشاكل، مع القدرة على تقديم الحلول والدعم للآخرين.";"[""القدرة على العمل العملي: القدرة على التعامل مع المشاكل والمهام بشكل فعّال وملموس"",""المهارات الاجتماعية: القدرة على بناء العلاقات والتواصل مع الآخرين بشكل فعّال"",""الفضول والاستقصاء: القدرة على جمع المعلومات وتحليلها بشكل دقيق لفهم الأمور بعمق"",""حل المشكلات: القدرة على تحديد المشكلات وإيجاد حلول عملية ومدروسة""]";"[""قد تميل للانشغال بالمشاريع وتهمل الجوانب الاجتماعية"",""قد تواجه صعوبة في طلب المساعدة من الآخرين عند الحاجة"",""قد تجد صعوبة في التكيف مع بيئات العمل التقليدية"",""قد تحتاج لتطوير مهارات بناء العلاقات المهنية طويلة الأمد""]";"[""مهندس بيئة"",""مدير مستوصف / مستشفى"",""عالم كيمياء حيوية"",""باحث اجتماعي"",""قابلة قانونية""]";"[""العلوم البيئية"",""الرعاية الصحية"",""الكيمياء الحيوية"",""علم النفس"",""إدارة الأعمال""]";2025-12-04 13:31:29.37474+00;;[];[];[];[]
e97a4690-e6d8-480f-b52f-ff6bdfec180d;RIC;"الأفراد الذين يتمتعون بشخصية ""RIC"" هم غالبًا محترفون دقيقون ومنظمون يتمتعون بقدرة فريدة على تحقيق التوازن بين التفكير التحليلي والتنفيذ العملي.";"[""التفكير التحليلي: القدرة على التفكير النقدي وحل المشاكل بشكل منهجي وعلمي"",""العمل العملي: القدرة على تنفيذ المهام العملية والمشاريع التنفيذية بكفاءة"",""الانضباط الهيكلي: التقدير العالي للنظام والهيكلية مما يساهم في الدقة والتنظيم في العمل"",""الكفاءة التقنية: القدرة على استخدام الأدوات والتقنيات بمهارة عالية""]";"[""قد تميل للصرامة في تطبيق المعايير مما قد يؤثر على المرونة"",""قد تواجه صعوبة في التعامل مع المواقف الغامضة وغير المحددة"",""قد تجد صعوبة في الابتكار خارج نطاق الإجراءات المعتادة"",""قد تحتاج لتطوير مهارات التكيف مع التغييرات التنظيمية""]";"[""مهندس بترول / بحرية"",""فني مختبر أسنان"",""مفتش ضمان الجودة والسلامة"",""الإدارة اللوجستية"",""أخصائي تحليل بيانات""]";"[""الهندسة المدنية / الميكانيكية"",""هندسة بترول / بحرية"",""إدارة وإقتصاد"",""إدارة اللوجستيات"",""إدارة المشاريع""]";2025-12-04 13:31:29.37474+00;;[];[];[];[]
de50939e-ef56-4f61-aaa9-528114a4e41e;ACI;هذه الشخصية تشير إلى شخص يجمع بين الإبداع الفني، الدقة والنظام في العمل، والفضول الاستقصائي. لديك القدرة على التعبير عن الأفكار بشكل خلاق، الاهتمام بالتفاصيل والدقة في العمل، وتحليل المعلومات بعمق.;"[""الإبداع والابتكار: القدرة على التفكير بطرق جديدة ومبتكرة وتقديم أفكار فنية خلاقة"",""الدقة والنظام: الاهتمام بالتفاصيل والعمل بدقة وفقًا للإجراءات المنظمة"",""التحليل الاستقصائي: القدرة على تحليل المعلومات بعمق وفهم الأمور المعقدة"",""التنظيم المنهجي: القدرة على ترتيب الأفكار والمعلومات بشكل منطقي ومنظم""]";"[""قد تميل للانغماس في الجوانب الجمالية وتهمل الجوانب العملية"",""قد تواجه صعوبة في التعامل مع الانتقادات لأعمالك الفنية"",""قد تجد صعوبة في الالتزام بالمواعيد النهائية الصارمة"",""قد تحتاج لتطوير مهارات إدارة المشاريع الفنية بكفاءة""]";"[""محلل بيانات فنية"",""كاتب / محرر"",""أمين مكتبة"",""مصمم جرافيك"",""منسق معارض فنية""]";"[""فنون جميلة"",""إدارة المعلومات"",""التصميم والإعلان"",""تحليل البيانات"",""التحرير الفني""]";2025-12-04 13:31:29.37474+00;;[];[];[];[]
03a77351-47e2-48df-81c4-cb5d6a32a707;EAC;هذه الشخصية تجمع بين القدرة على الريادة وتحقيق الأهداف، والإبداع الفني، والتفضيل للعمل في بيئات تتطلب الترتيب والتنظيم. تمتلك القدرة على تحقيق النجاح في المجالات التجارية والفنية والتقليدية.;"[""القيادة والريادة: القدرة على تحفيز الفرق وتوجيههم نحو تحقيق الأهداف المشتركة"",""الإبداع والابتكار: القدرة على التفكير بطرق جديدة وإيجاد حلول فنية وابتكارية"",""التنظيم والترتيب: القدرة على العمل بشكل منظم وفعّال وفقًا للإجراءات والمعايير المتبعة"",""التخطيط الاستراتيجي: القدرة على وضع خطط طويلة المدى وتنفيذها بفعالية""]";"[""قد تميل للمبالغة في التفاؤل بشأن المشاريع الجديدة"",""قد تواجه صعوبة في التعامل مع التفاصيل المالية والإدارية"",""قد تجد صعوبة في قبول القيود والحدود في بيئة العمل"",""قد تحتاج لتطوير مهارات التخطيط المالي للمشاريع الإبداعية""]";"[""ريادي أعمال"",""إدارة المشاريع الإعلامية"",""مصمم جرافيك"",""مدير مالي"",""إدارة التسويق""]";"[""إدارة الأعمال"",""الإعلان والتسويق"",""تصميم الأزياء"",""المحاسبة"",""ريادة الأعمال / تطوير الاعمال""]";2025-12-04 13:31:29.37474+00;;[];[];[];[]
1ecd4a10-f1c1-416f-a50c-79e681493ef4;EIR;هذه الشخصية تجمع بين القدرة على التخطيط وتحقيق الأهداف، والفضول والاهتمام بفهم المفاهيم والأساسيات، والمهارات العملية والتفضيل للعمل اليدوي والتقني. تتمتع بالقدرة على الابتكار وتطوير الحلول العملية والتعامل مع الواقع بشكل منطقي وعملي.;"[""الريادة والقيادة: القدرة على التخطيط وتنفيذ المشاريع بنجاح وتحفيز الآخرين نحو تحقيق الأهداف"",""الاستقصاء والتحليل: القدرة على استكشاف وفهم المفاهيم والأسس وتحليل البيانات بدقة"",""الواقعية والعمل العملي: القدرة على التعامل مع الواقع بشكل منطقي وتطبيق الأفكار بشكل عملي"",""حل المشكلات: القدرة على تحديد المشكلات وإيجاد حلول عملية ومبتكرة""]";"[""قد تميل للسيطرة على المشاريع مما قد يؤثر على روح الفريق"",""قد تواجه صعوبة في تقبل الفشل والتعلم منه بإيجابية"",""قد تجد صعوبة في التراجع عن قراراتك حتى لو كانت خاطئة"",""قد تحتاج لتطوير مهارات الإنصات الفعال لوجهات النظر المختلفة""]";"[""ريادة الأعمال في مجال التكنلوجيا / مشاريع الإستدامة"",""فني الطب الشرعي"",""محلل أعمال"",""مهندس ميكانيكي"",""مطوّر عقارات""]";"[""ريادة الأعمال"",""الطب الشرعي"",""تطوير العقارات"",""هندسة الحاسوب"",""أمن تكنولوجيا المعلومات""]";2025-12-04 13:31:29.37474+00;;[];[];[];[]
07636559-b56d-4338-a83e-26229e607a84;SEC;يشير هذا المزيج إلى شخصية ديناميكية تجمع بين المهارات الاجتماعية، الريادية، والقدرة على التنظيم والهيكلية. هذا المزيج يشير إلى شخص قادر على التفاعل مع الآخرين بشكل فعّال، يتمتع بروح المبادرة والقدرة على قيادة المشاريع، ولديه حس تنظيمي قوي.;"[""المهارات الاجتماعية: القدرة على التواصل بشكل فعّال وفهم احتياجات الآخرين وبناء العلاقات"",""القدرة الريادية: الميل للقيادة وإدارة المشاريع واتخاذ المبادرات لتحقيق الأهداف الكبيرة"",""التنظيم والهيكلية: التقدير العالي للنظام والهيكلية مما يساهم في الدقة والتنظيم في العمل"",""التأثير الإيجابي: القدرة على التأثير في الآخرين وتحفيزهم نحو تحقيق الأهداف""]";"[""قد تميل للتأثر العاطفي بمشاكل الآخرين بشكل مفرط"",""قد تواجه صعوبة في اتخاذ قرارات صعبة تؤثر على الآخرين"",""قد تجد صعوبة في رفض الطلبات حتى لو كانت غير منطقية"",""قد تحتاج لتطوير مهارات إدارة الضغط النفسي في بيئة العمل""]";"[""مدير/مستشار الموارد البشرية"",""مدير مدرسة"",""مدير العلاقات العامة"",""مدير مالي/مبيعات"",""إدارة الخدمات الإجتماعية""]";"[""الموارد البشرية"",""أصول تربية"",""إدارة الأعمال / الإدارة العامة"",""العلاقات العامة والتسويق"",""إرشاد سياحي""]";2025-12-04 13:31:29.37474+00;;[];[];[];[]
8501cf29-29db-4905-a0a3-88aebf0399f4;SCA;"الأفراد الذين يتمتعون بشخصية ""SCA"" هم غالبًا أشخاص متواصلون ومنظمون ومبدعون يتمتعون بقدرة فريدة على دمج المهارات الاجتماعية مع التنظيم والابتكار الفني.";"[""المهارات الاجتماعية: القدرة على التواصل بفعالية وفهم احتياجات الآخرين وتقديم الدعم اللازم"",""القدرة التنظيمية: التميز في إدارة التفاصيل والحفاظ على النظام والترتيب في العمل"",""الإبداع الفني: قدرة على التعبير الفني والإبداع في تقديم الأفكار والمشاريع"",""التخطيط المنظم: القدرة على وضع خطط منظمة وتنفيذها بدقة""]";"[""قد تميل للتركيز على مساعدة الآخرين وتهمل احتياجاتك الشخصية"",""قد تواجه صعوبة في التعامل مع المواقف التي تتطلب حزماً"",""قد تجد صعوبة في قبول أن بعض الأشخاص لا يريدون المساعدة"",""قد تحتاج لتطوير مهارات إدارة الوقت بين العمل والراحة""]";"[""منسق فعاليات ونشاطات"",""مدير تسويق"",""مصمم جرافيك"",""مستشار تعليمي"",""أخصائي علاقات عامة""]";"[""إدارة الفعاليات"",""التسويق"",""الإعلان والتصميم"",""الفنون الجميلة"",""علم النفس""]";2025-12-04 13:31:29.37474+00;;[];[];[];[]
7eaef1a4-ec0e-44fb-a37d-eba69aacd106;SRE;"الأفراد الذين يتمتعون بشخصية ""SRE"" هم غالبًا قادة ومنظمون عمليين يتمتعون بقدرة فريدة على دمج المهارات الاجتماعية مع الواقعية والريادة.";"[""المهارات الاجتماعية: القدرة على التواصل بفعالية وفهم احتياجات الآخرين وتقديم الدعم اللازم"",""القدرة العملية: التميز في العمل الواقعي وتنفيذ المهام بفعالية وكفاءة"",""القدرة الريادية: الميل للقيادة وإدارة المشاريع واتخاذ المبادرات لتحقيق الأهداف الكبيرة"",""التأثير الإيجابي: القدرة على تحفيز الآخرين وقيادتهم نحو النجاح""]";"[""قد تميل للانخراط العاطفي المفرط في مشاكل الآخرين"",""قد تواجه صعوبة في الحفاظ على الموضوعية في المواقف الصعبة"",""قد تجد صعوبة في التعامل مع الفشل في مساعدة الآخرين"",""قد تحتاج لتطوير مهارات الفصل بين العمل والحياة الشخصية""]";"[""مدير مبيعات"",""اخصائي اجتماعي في مجال الرعاية الصحية"",""سمسار"",""مدرب رياضي / تربية بدنية"",""منسق لوجستيات""]";"[""اقتصاد وإدارة أعمال"",""الخدمة الإجتماعية"",""السمسرة العقارية"",""التربية الرياضية"",""الصحة والرفاهية""]";2025-12-04 13:31:29.37474+00;;[];[];[];[]
c9112efc-470a-4b7b-9566-e5c9a64e8b0e;CIA;هذه الشخصية تجمع بين القدرة على العمل ضمن بنية ونظام محدد, كما يشير هذا المزيج إلى شخص منظم وفضولي ومبدع في ذات الوقت. تستمتع بالعمل ضمن أطر ثابتة مع وجود جانب فني ورغبة في الاستكشاف والإبداع.;"[""العمل التقليدي: القدرة على العمل ضمن بنية ونظام محدد والالتزام بالقواعد والمعايير"",""الاستقصاء والتحليل: الفضول لفهم الأمور والبحث عن الحقائق وتحليلها بشكل دقيق"",""الإبداع الفني: القدرة على التعبير عن الأفكار والمشاعر بشكل إبداعي وفني"",""الدقة في التفاصيل: القدرة على ملاحظة التفاصيل الدقيقة والعمل بإتقان""]";"[""قد تميل للتنظيم المفرط مما قد يحد من المرونة والإبداع"",""قد تواجه صعوبة في التكيف مع التغييرات المفاجئة في الخطط"",""قد تجد صعوبة في التعامل مع البيئات الفوضوية وغير المنظمة"",""قد تحتاج لتطوير مهارات التكيف مع أساليب العمل المختلفة""]";"[""مساعد باحث / باحث"",""مسؤول موارد بشرية"",""تحليل بيانات"",""مصرفي"",""محاسب""]";"[""علم الأرشيف"",""مناهج البحث العلمي"",""محاسبة واقتصاد"",""إدارة المتاحف"",""التصميم الداخلي""]";2025-12-04 13:31:29.37474+00;;[];[];[];[]
a8eb1db5-de45-41c9-bf5a-bc5cc39625f2;CSR;تهتم بالنظام لخدمة الناس في بيئة واقعية. تدير اللوجستيات، النقل، والمرافق التي تخدم الجمهور. أنت تضمن أن الخدمات تصل للناس بانتظام.;"[""التنظيم اللوجستي: القدرة على تخطيط وتنظيم العمليات اللوجستية بشكل فعال"",""إدارة المرافق: القدرة على الإشراف على المباني والمرافق وصيانتها بكفاءة"",""خدمة العملاء العملية: القدرة على تقديم خدمة عملية ومباشرة تلبي احتياجات العملاء"",""الالتزام بمعايير السلامة: القدرة على تطبيق معايير السلامة والأمان بدقة""]";"[""قد تميل للروتين مما قد يحد من الإبداع والابتكار"",""قد تواجه صعوبة في التكيف مع أساليب العمل الجديدة"",""قد تجد صعوبة في التعامل مع الفوضى وعدم الانتظام"",""قد تحتاج لتطوير مهارات التفكير الإبداعي خارج الصندوق""]";"[""مدير حركة نقل"",""مسؤول قبول وتسجيل بالمستشفى"",""مراقب صحي"",""أمين مستودع"",""منسق صيانة مرافق""]";"[""إدارة اللوجستيات"",""السكرتارية الطبية"",""الإدارة المكتبية"",""الصحة العامة"",""إدارة التشغيل""]";2025-12-09 22:48:50.459082+00;;[];[];[];[]
f6f865e3-f47a-4d52-85b5-1184679d8a17;SCI;تحب مساعدة الناس ولكن بطريقة منظمة ومبنية على الحقائق. لا تعتمد على العاطفة فقط، بل تحب دراسة الحالات وتوثيقها وتقديم حلول علمية لها.;"[""البحث الاجتماعي: القدرة على دراسة وفهم الظواهر الاجتماعية بشكل علمي ودقيق"",""التحليل السلوكي: القدرة على فهم وتحليل السلوك البشري ودوافعه"",""تقديم الاستشارات: القدرة على تقديم نصائح وإرشادات مبنية على فهم عميق"",""التوثيق والتقييم: القدرة على توثيق الحالات وتقييم التقدم بشكل منهجي""]";"[""قد تميل للاهتمام بالآخرين على حساب أهدافك الشخصية"",""قد تواجه صعوبة في قول لا للطلبات غير المعقولة"",""قد تجد صعوبة في التعامل مع الأشخاص غير المتعاونين"",""قد تحتاج لتطوير مهارات الحزم والدفاع عن حقوقك""]";"[""أخصائي قياس نفسي"",""باحث ديموغرافيا"",""ممرض صحة مجتمع"",""أخصائي تغذية علاجية"",""مقيم جودة تعليمية""]";"[""علم النفس والقياس"",""التمريض"",""علم الاجتماع"",""التغذية"",""الصحة العامة""]";2025-12-09 22:48:50.459082+00;;[];[];[];[]
adf41e1e-6e98-43b8-97fe-0c03ce39cb68;ERA;"الأفراد الذين يتمتعون بشخصية ""ERA"" هم غالبًا قادة طبيعيون يتمتعون بقدرة فريدة على تحويل الأفكار إلى واقع ملموس. هذه الشخصيات تحتاج إلى بيئات تسمح لها بالتعبير عن إبداعها بينما تقود وتدير مشاريع معقدة.";"[""القدرة الريادية: الميل للقيادة وإدارة المشاريع واتخاذ المبادرات لتحقيق الأهداف الكبيرة"",""العمل العملي: القدرة على التعامل مع المهام العملية والمشاريع التنفيذية بشكل فعال"",""الإبداع الفني: القدرة على التفكير بشكل خلاق والتعبير عن الأفكار والمشاعر من خلال الفن"",""المرونة في التنفيذ: القدرة على تكييف الخطط والأفكار حسب متطلبات الواقع""]";"[""قد تميل للتفاؤل المفرط بشأن قدراتك على إنجاز المشاريع"",""قد تواجه صعوبة في التعامل مع الجوانب المالية للمشاريع الفنية"",""قد تجد صعوبة في الالتزام بالميزانيات والجداول الزمنية"",""قد تحتاج لتطوير مهارات التخطيط الاستراتيجي للمسيرة المهنية""]";"[""مطور عقاري"",""تجارة إلكترونية"",""مدير مطعم"",""رجل أعمال في مجال الأزياء"",""مصمم داخلي""]";"[""إدارة الممتلكات"",""إدارة أعمال"",""الضيافة والسياحة"",""تصميم الأزياء"",""التصميم الداخلي"",""الفنون الجميلة""]";2025-12-04 13:31:29.37474+00;;[];[];[];[]
0b4c362b-5306-4138-b064-f05f3cf560bf;CSE;أنت الضابط لإيقاع المؤسسة. تجمع بين الدقة التنظيمية، وحب التواصل مع الناس، والطموح للإنجاز. تفضل العمل في بيئات إدارية واضحة المعالم حيث يمكنك تنظيم عمل الآخرين ومساعدتهم على تحقيق أهدافهم.;"[""إدارة العمليات اليومية: القدرة على تنظيم وإدارة العمل اليومي بكفاءة عالية"",""التواصل الواضح والرسمي: القدرة على التعبير بوضوح ودقة في السياقات الرسمية"",""الالتزام باللوائح: القدرة على فهم وتطبيق الأنظمة والقوانين بشكل صحيح"",""تنسيق فرق العمل: القدرة على توزيع المهام وتنسيق جهود الفريق بفعالية""]";"[""قد تميل للسعي نحو الكمال مما يؤخر تسليم المشاريع"",""قد تواجه صعوبة في التفريق بين النقد البناء والهجوم الشخصي"",""قد تجد صعوبة في التعاون مع أشخاص لا يشاركونك رؤيتك الفنية"",""قد تحتاج لتطوير مهارات التواصل الفعال مع الجمهور""]";"[""مدير مدرسة"",""مدير خدمات إدارية"",""مسؤول امتثال"",""مدير مكتب عقاري"",""منسق تدريب وتطوير""]";"[""الإدارة التربوية"",""إدارة الأعمال"",""الموارد البشرية"",""الإدارة العامة"",""القانون الإداري""]";2025-12-09 22:48:50.459082+00;;[];[];[];[]
ce56fb65-13c3-4354-ac59-af1a7ecb33b7;SCE;شخصية المعلم الإداري. اهتمامك الأول هو الناس، ولكنك تحب مساعدتهم من خلال نظام ومنهجية وقيادة. لا تحب الفوضى في العمل الخيري أو الاجتماعي، بل تفضل المؤسسات المنظمة.;"[""التنظيم الاجتماعي: القدرة على تنظيم الفعاليات والأنشطة الاجتماعية بنجاح"",""القيادة الخدمية: القدرة على قيادة الآخرين من خلال خدمتهم ودعمهم"",""التخطيط المجتمعي: القدرة على وضع خطط فعالة لتحسين حياة المجتمع"",""بناء الفرق: القدرة على تشكيل فرق متماسكة تعمل نحو أهداف مشتركة""]";"[""قد تميل للتركيز على خدمة الآخرين وتهمل التطور المهني الذاتي"",""قد تواجه صعوبة في المطالبة بحقوقك المهنية بحزم"",""قد تجد صعوبة في التعامل مع المنافسة في بيئة العمل"",""قد تحتاج لتطوير مهارات الترويج لإنجازاتك ومهاراتك""]";"[""مدير شؤون طلاب"",""مشرف تمريض"",""مدير مركز تدريب"",""مرشد أكاديمي"",""منسق متطوعين""]";"[""علم النفس التربوي"",""إدارة الخدمات الصحية"",""الخدمة الاجتماعية"",""التربية"",""الموارد البشرية""]";2025-12-09 22:48:50.459082+00;;[];[];[];[]
573de7f8-588c-44e4-b8ed-b87f7f6a32ff;ECR;رائد أعمال عملي. تحب المشاريع الملموسة (بناء، تصنيع، لوجستيات) وتديرها بعقلية تجارية منظمة. تفضل الربح المضمون والعمل القائم على أصول حقيقية.;"[""تحويل المشاريع لواقع: القدرة على تحويل الأفكار والمشاريع إلى نتائج ملموسة على أرض الواقع"",""إدارة التكاليف والتشغيل: القدرة على التحكم في التكاليف وإدارة العمليات بكفاءة"",""القيادة الميدانية: القدرة على قيادة الفرق وتوجيههم في بيئة العمل الفعلية"",""الحس التجاري العملي: القدرة على اتخاذ قرارات تجارية ذكية مبنية على الواقع العملي""]";"[""قد تشعر بقلة الصبر على النظريات المجردة وتفضل التطبيق العملي"",""قد تواجه صعوبة في التعامل مع المهام التي تتطلب تفكيراً عميقاً طويل المدى"",""قد تحتاج لتطوير مهارات التخطيط الاستراتيجي"",""قد تميل للتسرع في التنفيذ قبل اكتمال التحليل""]";"[""مدير إنشاءات"",""مدير مصنع"",""مطور عقاري"",""مدير لوجستي"",""صاحب عمل تجاري""]";"[""إدارة التشييد"",""الهندسة المدنية"",""إدارة سلاسل الإمداد"",""إدارة الأعمال"",""هندسة صناعية""]";2025-12-09 22:33:00.882734+00;;[];[];[];[]
145b8e2d-d535-4f95-a7a7-74614d886c6e;SRC;أنت الشخص الذي يعتمد عليه الجميع لرعاية شؤونهم اليومية بدقة. ممرض، مساعد، أو مشرف سكن. تقدم الرعاية (S) بشكل عملي (R) ومنظم جداً (C).;"[""التفاني في الخدمة: الاستعداد لتقديم المساعدة والرعاية المستمرة للآخرين كواجب أخلاقي ومهني."",""الدقة في المواعيد والجرعات: الالتزام الصارم بالجداول الزمنية والتعليمات المحددة لضمان سلامة المستفيدين."",""العمل الجاد والمثابرة: القدرة على القيام بمهام تتطلب جهداً بدنياً وصبراً طويلاً بشكل يومي."",""الولاء والاعتمادية: شخص يمكن الوثوق به تماماً لإنجاز المهام المسندة إليه دون الحاجة لرقابة مستمرة.""]";"[""التبعية المفرطة للنظام: الاعتماد الكلي على التعليمات وانتظار التوجيهات بدلاً من المبادرة بحلول شخصية."",""مقاومة التغيير: الشعور بالقلق والارتباك عند تغيير بروتوكولات العمل أو إدخال تقنيات جديدة غير مألوفة."",""عزوف عن القيادة: تفضيل البقاء في منطقة الراحة وتنفيذ المهام بدلاً من تحمل مسؤولية إدارة الفريق."",""التوتر من المفاجآت: صعوبة التعامل بمرونة مع المواقف الطارئة التي لم يتم التدرب عليها مسبقاً.""]";"[""مساعد تمريض"",""مساعد طبيب أسنان"",""مشرف سكن طلابي"",""أمين مستودع طبي"",""مراقب صحي""]";"[""التمريض"",""مساعد طبيب"",""إدارة المرافق"",""السكرتارية الطبية"",""الصحة العامة""]";2025-12-09 22:33:00.882734+00;;[];[];[];[]
1ec257e5-aa28-4239-9ed8-9c2397a0a676;IRA;تجمع بين حب الطبيعة والعلم والفن. تجد هؤلاء الأشخاص في الجيولوجيا أو الآثار، حيث يستكشفون الأرض ويحللونها ويقدرون جمالها في آن واحد.;"[""قوة الملاحظة والتحليل: القدرة على رصد الظواهر وتحليلها بعمق ودقة علمية"",""الصبر على البحث الطويل: القدرة على العمل على مشاريع بحثية طويلة المدى بإصرار"",""التفكير خارج الصندوق: القدرة على النظر للمشكلات من زوايا جديدة وغير تقليدية"",""احترام الطبيعة والحقائق: القدرة على التعامل مع البيانات والواقع بموضوعية تامة""]";"[""قد تفضل العمل الفردي المنعزل مما قد يحد من فرص التعاون والتشبيك"",""قد تواجه صعوبة في العمل ضمن فريق كبير"",""قد تحتاج لتطوير مهارات التواصل الاجتماعي والعلاقات المهنية"",""قد تميل للتحفظ الزائد في مشاركة أفكارك مع الآخرين""]";"[""جيولوجي"",""عالم آثار"",""أخصائي خرائط GIS"",""مهندس صوت"",""مصمم مواقع ويب تقني""]";"[""الجيولوجيا"",""الآثار"",""نظم المعلومات الجغرافية"",""هندسة الصوت"",""علوم الحاسب""]";2025-12-09 22:33:00.882734+00;;[];[];[];[]
5a4f9713-8912-4b95-91de-4075d18e9614;SAR;تستخدم الفن والعمل اليدوي لمساعدة الناس. تجد متعة في تحسين حياة الآخرين من خلال الجمال والإبداع الملموس.;"[""التعاطف والدعم: القدرة على فهم مشاعر الآخرين وتقديم الدعم المناسب لهم"",""المهارات العملية في الخدمة: القدرة على تقديم خدمات عملية تساعد الناس في حياتهم"",""العمل التطوعي: القدرة على المساهمة في خدمة المجتمع بشكل فعال ومؤثر"",""التواصل الإنساني: القدرة على بناء علاقات إنسانية صادقة ومؤثرة""]";"[""قد تعاني من الحساسية المفرطة تجاه آراء الآخرين ونقدهم"",""قد تواجه صعوبة في التعامل مع الصراعات والخلافات"",""قد تحتاج لتطوير مهارات الحزم والثقة بالنفس"",""قد تميل لإرضاء الآخرين على حساب احتياجاتك""]";"[""معالج بالفن"",""مصمم مناظر طبيعية"",""معلم موسيقى"",""أخصائي تجميل"",""مصمم أزياء مسرحي""]";"[""علم النفس"",""الفنون الجميلة"",""العلاج الطبيعي"",""تصميم الأزياء"",""التربية الفنية""]";2025-12-09 22:33:00.882734+00;;[];[];[];[]
535a4296-583b-41f3-a11f-8474e40e0424;SEA;قائد ملهم يدافع عن حقوق الآخرين. لديك القدرة على الخطابة والإقناع وحب الناس وحس إبداعي لإيجاد حلول مبتكرة للمشاكل.;"[""الإبداع الريادي: القدرة على إطلاق مشاريع إبداعية وقيادتها نحو النجاح"",""التسويق الإبداعي: القدرة على تسويق المنتجات والخدمات بطرق مبتكرة وجذابة"",""التواصل المؤثر: القدرة على إيصال الرسائل والأفكار بطريقة تؤثر في الجمهور"",""الرؤية الفنية التجارية: القدرة على الجمع بين الحس الفني والذكاء التجاري""]";"[""قد تميل للاندفاع العاطفي في اتخاذ القرارات المهمة"",""قد تواجه صعوبة في الفصل بين المشاعر والمنطق"",""قد تحتاج لتطوير مهارات التفكير التحليلي الموضوعي"",""قد تميل للتأثر بآراء الآخرين بسهولة""]";"[""سياسي"",""محامي حقوق إنسان"",""مدير جمعية خيرية"",""مخرج مسرحي مجتمعي"",""مستشار علاقات عامة""]";"[""العلوم السياسية"",""القانون"",""علم الاجتماع"",""الإعلام"",""الإدارة العامة""]";2025-12-09 22:33:00.882734+00;;[];[];[];[]
284567f2-2f76-4545-afe6-b774b75100f3;SRA;تحب الناس، وتحب العمل اليدوي، ولديك حس فني. تستمتع بتعليم الآخرين كيف يصنعون أشياء جميلة، أو تستخدم مهاراتك اليدوية لتحسين حياتهم.;"[""الصبر وسعة الصدر: القدرة العالية على تكرار الشرح والتعامل مع المبتدئين دون الشعور بالضجر."",""الإبداع العملي: استخدام المهارات اليدوية لابتكار وسائل تعليمية ملموسة أو منتجات فنية مفيدة."",""بناء الثقة مع الآخرين: خلق بيئة آمنة ومريحة تشجع المتدربين أو العملاء على التعبير عن أنفسهم."",""المرونة في التعامل: التكيف السريع مع مختلف الشخصيات والمستويات المهارية وتقديم الدعم المناسب لكل فرد.""]";"[""الفوضى التنظيمية: التركيز على الإبداع والعمل اليدوي قد يجعلك تهمل ترتيب المواعيد أو الملفات المالية."",""صعوبة التعامل مع الأرقام: الشعور بالتوتر عند القيام بمهام حسابية أو إدارية دقيقة لا تتطلب حساً فنياً."",""فرط التعاطف: الانغماس في مشاكل المتدربين أو العملاء الشخصية مما يؤثر على طاقتك النفسية."",""ضعف التخطيط المستقبلي: العيش في اللحظة والاستمتاع بالعمل الحالي دون وضع خطة واضحة للمستقبل البعيد.""]";"[""معلم خزف/نحت"",""أخصائي تجميل"",""طاهي تعليمي"",""منسق حدائق"",""مصفف شعر""]";"[""الفنون الجميلة"",""التجميل"",""الاقتصاد المنزلي"",""تصميم الحدائق"",""التربية المهنية""]";2025-12-09 22:33:00.882734+00;;[];[];[];[]
aac4941f-e004-420f-8797-a82e133bf674;SRI;تعمل مع الناس والأجهزة لحل مشاكلهم الصحية. فني الأشعة، أو أخصائي التنفس. عملك يتطلب تواصلاً مع المريض، واستخداماً للآلة، وفهماً طبياً للحالة.;"[""الجمع بين التقنية والإنسانية: تسخير الأجهزة المعقدة والتقنيات الحديثة لخدمة وراحة المرضى بشكل مباشر."",""دقة الملاحظة: الانتباه لأي تغيرات جسدية أو قراءات تقنية قد تشير إلى مشكلة صحية خفية."",""التعاطف المهني: التعامل بلطف وطمأنة المريض أثناء الإجراءات الطبية مع الحفاظ على المسافة المهنية."",""المهارة اليدوية الدقيقة: التحكم العالي في استخدام الأدوات الحساسة لضمان أفضل النتائج بأقل ألم.""]";"[""التعرض لمخاطر مهنية: العمل في بيئات قد تكون خطرة (إشعاع، عدوى) يتطلب حذراً دائماً يسبب ضغطاً عصبياً."",""ملل التكرار: القيام بنفس الفحوصات أو الإجراءات التقنية يومياً قد يقتل روح الشغف والإبداع."",""الضغط النفسي العالي: مشاهدة الحالات المرضية الحرجة والمؤلمة باستمرار تؤثر على استقرارك النفسي."",""محدودية مساحة الإبداع: الالتزام الصارم بالبروتوكولات الطبية لا يترك مجالاً للاجتهاد أو الابتكار الشخصي.""]";"[""فني أشعة"",""أخصائي علاج تنفسي"",""فني تخدير"",""أخصائي أطراف صناعية"",""مسعف""]";"[""الأشعة والتصوير الطبي"",""العلاج التنفسي"",""التخدير"",""الأطراف الصناعية"",""الخدمات الطبية الطارئة""]";2025-12-09 22:33:00.882734+00;;[];[];[];[]